Copyright 1986-2022 Xilinx, Inc. All Rights Reserved. Copyright 2022-2024 Advanced Micro Devices, Inc. All Rights Reserved.
---------------------------------------------------------------------------------------------------------------------------------------------------------------------------------------------------------------------------------------
| Tool Version : Vivado v.2024.1 (win64) Build 5076996 Wed May 22 18:37:14 MDT 2024
| Date         : Wed Sep  9 18:22:29 2026
| Host         : DESKTOP-RRFGTIG running 64-bit major release  (build 9200)
| Command      : report_timing_summary -max_paths 10 -report_unconstrained -file basys3_alu_top_timing_summary_routed.rpt -pb basys3_alu_top_timing_summary_routed.pb -rpx basys3_alu_top_timing_summary_routed.rpx -warn_on_violation
| Design       : basys3_alu_top
| Device       : 7a35t-cpg236
| Speed File   : -1  PRODUCTION 1.23 2018-06-13
| Design State : Routed
---------------------------------------------------------------------------------------------------------------------------------------------------------------------------------------------------------------------------------------

Timing Summary Report

------------------------------------------------------------------------------------------------
| Timer Settings
| --------------
------------------------------------------------------------------------------------------------

  Enable Multi Corner Analysis               :  Yes
  Enable Pessimism Removal                   :  Yes
  Pessimism Removal Resolution               :  Nearest Common Node
  Enable Input Delay Default Clock           :  No
  Enable Preset / Clear Arcs                 :  No
  Disable Flight Delays                      :  No
  Ignore I/O Paths                           :  No
  Timing Early Launch at Borrowing Latches   :  No
  Borrow Time for Max Delay Exceptions       :  Yes
  Merge Timing Exceptions                    :  Yes
  Inter-SLR Compensation                     :  Conservative

  Corner  Analyze    Analyze    
  Name    Max Paths  Min Paths  
  ------  ---------  ---------  
  Slow    Yes        Yes        
  Fast    Yes        Yes        


------------------------------------------------------------------------------------------------
| Report Methodology
| ------------------
------------------------------------------------------------------------------------------------

Rule       Severity  Description                    Violations  
---------  --------  -----------------------------  ----------  
TIMING-18  Warning   Missing input or output delay  21          

Note: This report is based on the most recent report_methodology run and may not be up-to-date. Run report_methodology on the current design for the latest report.



check_timing report

Table of Contents
-----------------
1. checking no_clock (0)
2. checking constant_clock (0)
3. checking pulse_width_clock (0)
4. checking unconstrained_internal_endpoints (0)
5. checking no_input_delay (12)
6. checking no_output_delay (9)
7. checking multiple_clock (0)
8. checking generated_clocks (0)
9. checking loops (0)
10. checking partial_input_delay (0)
11. checking partial_output_delay (0)
12. checking latch_loops (0)

1. checking no_clock (0)
------------------------
 There are 0 register/latch pins with no clock.


2. checking constant_clock (0)
------------------------------
 There are 0 register/latch pins with constant_clock.


3. checking pulse_width_clock (0)
---------------------------------
 There are 0 register/latch pins which need pulse_width check


4. checking unconstrained_internal_endpoints (0)
------------------------------------------------
 There are 0 pins that are not constrained for maximum delay.

 There are 0 pins that are not constrained for maximum delay due to constant clock.


5. checking no_input_delay (12)
-------------------------------
 There are 12 input ports with no input delay specified. (HIGH)

 There are 0 input ports with no input delay but user has a false path constraint.


6. checking no_output_delay (9)
-------------------------------
 There are 9 ports with no output delay specified. (HIGH)

 There are 0 ports with no output delay but user has a false path constraint

 There are 0 ports with no output delay but with a timing clock defined on it or propagating through it


7. checking multiple_clock (0)
------------------------------
 There are 0 register/latch pins with multiple clocks.


8. checking generated_clocks (0)
--------------------------------
 There are 0 generated clocks that are not connected to a clock source.


9. checking loops (0)
---------------------
 There are 0 combinational loops in the design.


10. checking partial_input_delay (0)
------------------------------------
 There are 0 input ports with partial input delay specified.


11. checking partial_output_delay (0)
-------------------------------------
 There are 0 ports with partial output delay specified.


12. checking latch_loops (0)
----------------------------
 There are 0 combinational latch loops in the design through latch input



------------------------------------------------------------------------------------------------
| Design Timing Summary
| ---------------------
------------------------------------------------------------------------------------------------

    WNS(ns)      TNS(ns)  TNS Failing Endpoints  TNS Total Endpoints      WHS(ns)      THS(ns)  THS Failing Endpoints  THS Total Endpoints     WPWS(ns)     TPWS(ns)  TPWS Failing Endpoints  TPWS Total Endpoints  
    -------      -------  ---------------------  -------------------      -------      -------  ---------------------  -------------------     --------     --------  ----------------------  --------------------  
      5.300        0.000                      0                  204        0.231        0.000                      0                  204        4.500        0.000                       0                   115  


All user specified timing constraints are met.


------------------------------------------------------------------------------------------------
| Clock Summary
| -------------
------------------------------------------------------------------------------------------------

Clock        Waveform(ns)       Period(ns)      Frequency(MHz)
-----        ------------       ----------      --------------
sys_clk_pin  {0.000 5.000}      10.000          100.000         


------------------------------------------------------------------------------------------------
| Intra Clock Table
| -----------------
------------------------------------------------------------------------------------------------

Clock             WNS(ns)      TNS(ns)  TNS Failing Endpoints  TNS Total Endpoints      WHS(ns)      THS(ns)  THS Failing Endpoints  THS Total Endpoints     WPWS(ns)     TPWS(ns)  TPWS Failing Endpoints  TPWS Total Endpoints  
-----             -------      -------  ---------------------  -------------------      -------      -------  ---------------------  -------------------     --------     --------  ----------------------  --------------------  
sys_clk_pin         5.300        0.000                      0                  204        0.231        0.000                      0                  204        4.500        0.000                       0                   115  


------------------------------------------------------------------------------------------------
| Inter Clock Table
| -----------------
------------------------------------------------------------------------------------------------

From Clock    To Clock          WNS(ns)      TNS(ns)  TNS Failing Endpoints  TNS Total Endpoints      WHS(ns)      THS(ns)  THS Failing Endpoints  THS Total Endpoints  
----------    --------          -------      -------  ---------------------  -------------------      -------      -------  ---------------------  -------------------  


------------------------------------------------------------------------------------------------
| Other Path Groups Table
| -----------------------
------------------------------------------------------------------------------------------------

Path Group    From Clock    To Clock          WNS(ns)      TNS(ns)  TNS Failing Endpoints  TNS Total Endpoints      WHS(ns)      THS(ns)  THS Failing Endpoints  THS Total Endpoints  
----------    ----------    --------          -------      -------  ---------------------  -------------------      -------      -------  ---------------------  -------------------  


------------------------------------------------------------------------------------------------
| User Ignored Path Table
| -----------------------
------------------------------------------------------------------------------------------------

Path Group    From Clock    To Clock    
----------    ----------    --------    


------------------------------------------------------------------------------------------------
| Unconstrained Path Table
| ------------------------
------------------------------------------------------------------------------------------------

Path Group    From Clock    To Clock    
----------    ----------    --------    
(none)        sys_clk_pin                 
(none)                      sys_clk_pin   


------------------------------------------------------------------------------------------------
| Timing Details
| --------------
------------------------------------------------------------------------------------------------


---------------------------------------------------------------------------------------------------
From Clock:  sys_clk_pin
  To Clock:  sys_clk_pin

Setup :            0  Failing Endpoints,  Worst Slack        5.300ns,  Total Violation        0.000ns
Hold  :            0  Failing Endpoints,  Worst Slack        0.231ns,  Total Violation        0.000ns
PW    :            0  Failing Endpoints,  Worst Slack        4.500ns,  Total Violation        0.000ns
---------------------------------------------------------------------------------------------------


Max Delay Paths
--------------------------------------------------------------------------------------
Slack (MET) :             5.300ns  (required time - arrival time)
  Source:                 db_load_b/counter_reg[5]/C
                            (rising edge-triggered cell FDRE clocked by sys_clk_pin  {rise@0.000ns fall@5.000ns period=10.000ns})
  Destination:            db_load_b/counter_reg[0]/R
                            (rising edge-triggered cell FDRE clocked by sys_clk_pin  {rise@0.000ns fall@5.000ns period=10.000ns})
  Path Group:             sys_clk_pin
  Path Type:              Setup (Max at Slow Process Corner)
  Requirement:            10.000ns  (sys_clk_pin rise@10.000ns - sys_clk_pin rise@0.000ns)
  Data Path Delay:        4.216ns  (logic 0.952ns (22.582%)  route 3.264ns (77.418%))
  Logic Levels:           4  (LUT3=1 LUT5=1 LUT6=2)
  Clock Path Skew:        -0.020ns (DCD - SCD + CPR)
    Destination Clock Delay (DCD):    4.848ns = ( 14.848 - 10.000 ) 
    Source Clock Delay      (SCD):    5.142ns
    Clock Pessimism Removal (CPR):    0.274ns
  Clock Uncertainty:      0.035ns  ((TSJ^2 + TIJ^2)^1/2 + DJ) / 2 + PE
    Total System Jitter     (TSJ):    0.071ns
    Total Input Jitter      (TIJ):    0.000ns
    Discrete Jitter          (DJ):    0.000ns
    Phase Error              (PE):    0.000ns

    Location             Delay type                Incr(ns)  Path(ns)    Netlist Resource(s)
  -------------------------------------------------------------------    -------------------
                         (clock sys_clk_pin rise edge)
                                                      0.000     0.000 r  
    W5                                                0.000     0.000 r  clk (IN)
                         net (fo=0)                   0.000     0.000    clk
    W5                   IBUF (Prop_ibuf_I_O)         1.458     1.458 r  clk_IBUF_inst/O
                         net (fo=1, routed)           1.967     3.425    clk_IBUF
    BUFGCTRL_X0Y0        BUFG (Prop_bufg_I_O)         0.096     3.521 r  clk_IBUF_BUFG_inst/O
                         net (fo=114, routed)         1.621     5.142    db_load_b/CLK
    SLICE_X3Y22          FDRE                                         r  db_load_b/counter_reg[5]/C
  -------------------------------------------------------------------    -------------------
    SLICE_X3Y22          FDRE (Prop_fdre_C_Q)         0.456     5.598 r  db_load_b/counter_reg[5]/Q
                         net (fo=2, routed)           0.881     6.479    db_load_b/counter_reg[5]
    SLICE_X2Y21          LUT6 (Prop_lut6_I4_O)        0.124     6.603 f  db_load_b/counter[0]_i_7__1/O
                         net (fo=1, routed)           0.417     7.020    db_load_b/counter[0]_i_7__1_n_0
    SLICE_X2Y22          LUT5 (Prop_lut5_I1_O)        0.124     7.144 r  db_load_b/counter[0]_i_6__1/O
                         net (fo=1, routed)           0.417     7.562    db_load_b/counter[0]_i_6__1_n_0
    SLICE_X2Y23          LUT6 (Prop_lut6_I1_O)        0.124     7.686 r  db_load_b/counter[0]_i_3__1/O
                         net (fo=2, routed)           0.499     8.185    db_load_b/counter[0]_i_3__1_n_0
    SLICE_X1Y25          LUT3 (Prop_lut3_I0_O)        0.124     8.309 r  db_load_b/counter[0]_i_1__1/O
                         net (fo=18, routed)          1.049     9.358    db_load_b/counter[0]_i_1__1_n_0
    SLICE_X3Y21          FDRE                                         r  db_load_b/counter_reg[0]/R
  -------------------------------------------------------------------    -------------------

                         (clock sys_clk_pin rise edge)
                                                     10.000    10.000 r  
    W5                                                0.000    10.000 r  clk (IN)
                         net (fo=0)                   0.000    10.000    clk
    W5                   IBUF (Prop_ibuf_I_O)         1.388    11.388 r  clk_IBUF_inst/O
                         net (fo=1, routed)           1.862    13.250    clk_IBUF
    BUFGCTRL_X0Y0        BUFG (Prop_bufg_I_O)         0.091    13.341 r  clk_IBUF_BUFG_inst/O
                         net (fo=114, routed)         1.507    14.848    db_load_b/CLK
    SLICE_X3Y21          FDRE                                         r  db_load_b/counter_reg[0]/C
                         clock pessimism              0.274    15.122    
                         clock uncertainty           -0.035    15.087    
    SLICE_X3Y21          FDRE (Setup_fdre_C_R)       -0.429    14.658    db_load_b/counter_reg[0]
  -------------------------------------------------------------------
                         required time                         14.658    
                         arrival time                          -9.358    
  -------------------------------------------------------------------
                         slack                                  5.300    

Slack (MET) :             5.300ns  (required time - arrival time)
  Source:                 db_load_b/counter_reg[5]/C
                            (rising edge-triggered cell FDRE clocked by sys_clk_pin  {rise@0.000ns fall@5.000ns period=10.000ns})
  Destination:            db_load_b/counter_reg[1]/R
                            (rising edge-triggered cell FDRE clocked by sys_clk_pin  {rise@0.000ns fall@5.000ns period=10.000ns})
  Path Group:             sys_clk_pin
  Path Type:              Setup (Max at Slow Process Corner)
  Requirement:            10.000ns  (sys_clk_pin rise@10.000ns - sys_clk_pin rise@0.000ns)
  Data Path Delay:        4.216ns  (logic 0.952ns (22.582%)  route 3.264ns (77.418%))
  Logic Levels:           4  (LUT3=1 LUT5=1 LUT6=2)
  Clock Path Skew:        -0.020ns (DCD - SCD + CPR)
    Destination Clock Delay (DCD):    4.848ns = ( 14.848 - 10.000 ) 
    Source Clock Delay      (SCD):    5.142ns
    Clock Pessimism Removal (CPR):    0.274ns
  Clock Uncertainty:      0.035ns  ((TSJ^2 + TIJ^2)^1/2 + DJ) / 2 + PE
    Total System Jitter     (TSJ):    0.071ns
    Total Input Jitter      (TIJ):    0.000ns
    Discrete Jitter          (DJ):    0.000ns
    Phase Error              (PE):    0.000ns

    Location             Delay type                Incr(ns)  Path(ns)    Netlist Resource(s)
  -------------------------------------------------------------------    -------------------
                         (clock sys_clk_pin rise edge)
                                                      0.000     0.000 r  
    W5                                                0.000     0.000 r  clk (IN)
                         net (fo=0)                   0.000     0.000    clk
    W5                   IBUF (Prop_ibuf_I_O)         1.458     1.458 r  clk_IBUF_inst/O
                         net (fo=1, routed)           1.967     3.425    clk_IBUF
    BUFGCTRL_X0Y0        BUFG (Prop_bufg_I_O)         0.096     3.521 r  clk_IBUF_BUFG_inst/O
                         net (fo=114, routed)         1.621     5.142    db_load_b/CLK
    SLICE_X3Y22          FDRE                                         r  db_load_b/counter_reg[5]/C
  -------------------------------------------------------------------    -------------------
    SLICE_X3Y22          FDRE (Prop_fdre_C_Q)         0.456     5.598 r  db_load_b/counter_reg[5]/Q
                         net (fo=2, routed)           0.881     6.479    db_load_b/counter_reg[5]
    SLICE_X2Y21          LUT6 (Prop_lut6_I4_O)        0.124     6.603 f  db_load_b/counter[0]_i_7__1/O
                         net (fo=1, routed)           0.417     7.020    db_load_b/counter[0]_i_7__1_n_0
    SLICE_X2Y22          LUT5 (Prop_lut5_I1_O)        0.124     7.144 r  db_load_b/counter[0]_i_6__1/O
                         net (fo=1, routed)           0.417     7.562    db_load_b/counter[0]_i_6__1_n_0
    SLICE_X2Y23          LUT6 (Prop_lut6_I1_O)        0.124     7.686 r  db_load_b/counter[0]_i_3__1/O
                         net (fo=2, routed)           0.499     8.185    db_load_b/counter[0]_i_3__1_n_0
    SLICE_X1Y25          LUT3 (Prop_lut3_I0_O)        0.124     8.309 r  db_load_b/counter[0]_i_1__1/O
                         net (fo=18, routed)          1.049     9.358    db_load_b/counter[0]_i_1__1_n_0
    SLICE_X3Y21          FDRE                                         r  db_load_b/counter_reg[1]/R
  -------------------------------------------------------------------    -------------------

                         (clock sys_clk_pin rise edge)
                                                     10.000    10.000 r  
    W5                                                0.000    10.000 r  clk (IN)
                         net (fo=0)                   0.000    10.000    clk
    W5                   IBUF (Prop_ibuf_I_O)         1.388    11.388 r  clk_IBUF_inst/O
                         net (fo=1, routed)           1.862    13.250    clk_IBUF
    BUFGCTRL_X0Y0        BUFG (Prop_bufg_I_O)         0.091    13.341 r  clk_IBUF_BUFG_inst/O
                         net (fo=114, routed)         1.507    14.848    db_load_b/CLK
    SLICE_X3Y21          FDRE                                         r  db_load_b/counter_reg[1]/C
                         clock pessimism              0.274    15.122    
                         clock uncertainty           -0.035    15.087    
    SLICE_X3Y21          FDRE (Setup_fdre_C_R)       -0.429    14.658    db_load_b/counter_reg[1]
  -------------------------------------------------------------------
                         required time                         14.658    
                         arrival time                          -9.358    
  -------------------------------------------------------------------
                         slack                                  5.300    

Slack (MET) :             5.300ns  (required time - arrival time)
  Source:                 db_load_b/counter_reg[5]/C
                            (rising edge-triggered cell FDRE clocked by sys_clk_pin  {rise@0.000ns fall@5.000ns period=10.000ns})
  Destination:            db_load_b/counter_reg[2]/R
                            (rising edge-triggered cell FDRE clocked by sys_clk_pin  {rise@0.000ns fall@5.000ns period=10.000ns})
  Path Group:             sys_clk_pin
  Path Type:              Setup (Max at Slow Process Corner)
  Requirement:            10.000ns  (sys_clk_pin rise@10.000ns - sys_clk_pin rise@0.000ns)
  Data Path Delay:        4.216ns  (logic 0.952ns (22.582%)  route 3.264ns (77.418%))
  Logic Levels:           4  (LUT3=1 LUT5=1 LUT6=2)
  Clock Path Skew:        -0.020ns (DCD - SCD + CPR)
    Destination Clock Delay (DCD):    4.848ns = ( 14.848 - 10.000 ) 
    Source Clock Delay      (SCD):    5.142ns
    Clock Pessimism Removal (CPR):    0.274ns
  Clock Uncertainty:      0.035ns  ((TSJ^2 + TIJ^2)^1/2 + DJ) / 2 + PE
    Total System Jitter     (TSJ):    0.071ns
    Total Input Jitter      (TIJ):    0.000ns
    Discrete Jitter          (DJ):    0.000ns
    Phase Error              (PE):    0.000ns

    Location             Delay type                Incr(ns)  Path(ns)    Netlist Resource(s)
  -------------------------------------------------------------------    -------------------
                         (clock sys_clk_pin rise edge)
                                                      0.000     0.000 r  
    W5                                                0.000     0.000 r  clk (IN)
                         net (fo=0)                   0.000     0.000    clk
    W5                   IBUF (Prop_ibuf_I_O)         1.458     1.458 r  clk_IBUF_inst/O
                         net (fo=1, routed)           1.967     3.425    clk_IBUF
    BUFGCTRL_X0Y0        BUFG (Prop_bufg_I_O)         0.096     3.521 r  clk_IBUF_BUFG_inst/O
                         net (fo=114, routed)         1.621     5.142    db_load_b/CLK
    SLICE_X3Y22          FDRE                                         r  db_load_b/counter_reg[5]/C
  -------------------------------------------------------------------    -------------------
    SLICE_X3Y22          FDRE (Prop_fdre_C_Q)         0.456     5.598 r  db_load_b/counter_reg[5]/Q
                         net (fo=2, routed)           0.881     6.479    db_load_b/counter_reg[5]
    SLICE_X2Y21          LUT6 (Prop_lut6_I4_O)        0.124     6.603 f  db_load_b/counter[0]_i_7__1/O
                         net (fo=1, routed)           0.417     7.020    db_load_b/counter[0]_i_7__1_n_0
    SLICE_X2Y22          LUT5 (Prop_lut5_I1_O)        0.124     7.144 r  db_load_b/counter[0]_i_6__1/O
                         net (fo=1, routed)           0.417     7.562    db_load_b/counter[0]_i_6__1_n_0
    SLICE_X2Y23          LUT6 (Prop_lut6_I1_O)        0.124     7.686 r  db_load_b/counter[0]_i_3__1/O
                         net (fo=2, routed)           0.499     8.185    db_load_b/counter[0]_i_3__1_n_0
    SLICE_X1Y25          LUT3 (Prop_lut3_I0_O)        0.124     8.309 r  db_load_b/counter[0]_i_1__1/O
                         net (fo=18, routed)          1.049     9.358    db_load_b/counter[0]_i_1__1_n_0
    SLICE_X3Y21          FDRE                                         r  db_load_b/counter_reg[2]/R
  -------------------------------------------------------------------    -------------------

                         (clock sys_clk_pin rise edge)
                                                     10.000    10.000 r  
    W5                                                0.000    10.000 r  clk (IN)
                         net (fo=0)                   0.000    10.000    clk
    W5                   IBUF (Prop_ibuf_I_O)         1.388    11.388 r  clk_IBUF_inst/O
                         net (fo=1, routed)           1.862    13.250    clk_IBUF
    BUFGCTRL_X0Y0        BUFG (Prop_bufg_I_O)         0.091    13.341 r  clk_IBUF_BUFG_inst/O
                         net (fo=114, routed)         1.507    14.848    db_load_b/CLK
    SLICE_X3Y21          FDRE                                         r  db_load_b/counter_reg[2]/C
                         clock pessimism              0.274    15.122    
                         clock uncertainty           -0.035    15.087    
    SLICE_X3Y21          FDRE (Setup_fdre_C_R)       -0.429    14.658    db_load_b/counter_reg[2]
  -------------------------------------------------------------------
                         required time                         14.658    
                         arrival time                          -9.358    
  -------------------------------------------------------------------
                         slack                                  5.300    

Slack (MET) :             5.300ns  (required time - arrival time)
  Source:                 db_load_b/counter_reg[5]/C
                            (rising edge-triggered cell FDRE clocked by sys_clk_pin  {rise@0.000ns fall@5.000ns period=10.000ns})
  Destination:            db_load_b/counter_reg[3]/R
                            (rising edge-triggered cell FDRE clocked by sys_clk_pin  {rise@0.000ns fall@5.000ns period=10.000ns})
  Path Group:             sys_clk_pin
  Path Type:              Setup (Max at Slow Process Corner)
  Requirement:            10.000ns  (sys_clk_pin rise@10.000ns - sys_clk_pin rise@0.000ns)
  Data Path Delay:        4.216ns  (logic 0.952ns (22.582%)  route 3.264ns (77.418%))
  Logic Levels:           4  (LUT3=1 LUT5=1 LUT6=2)
  Clock Path Skew:        -0.020ns (DCD - SCD + CPR)
    Destination Clock Delay (DCD):    4.848ns = ( 14.848 - 10.000 ) 
    Source Clock Delay      (SCD):    5.142ns
    Clock Pessimism Removal (CPR):    0.274ns
  Clock Uncertainty:      0.035ns  ((TSJ^2 + TIJ^2)^1/2 + DJ) / 2 + PE
    Total System Jitter     (TSJ):    0.071ns
    Total Input Jitter      (TIJ):    0.000ns
    Discrete Jitter          (DJ):    0.000ns
    Phase Error              (PE):    0.000ns

    Location             Delay type                Incr(ns)  Path(ns)    Netlist Resource(s)
  -------------------------------------------------------------------    -------------------
                         (clock sys_clk_pin rise edge)
                                                      0.000     0.000 r  
    W5                                                0.000     0.000 r  clk (IN)
                         net (fo=0)                   0.000     0.000    clk
    W5                   IBUF (Prop_ibuf_I_O)         1.458     1.458 r  clk_IBUF_inst/O
                         net (fo=1, routed)           1.967     3.425    clk_IBUF
    BUFGCTRL_X0Y0        BUFG (Prop_bufg_I_O)         0.096     3.521 r  clk_IBUF_BUFG_inst/O
                         net (fo=114, routed)         1.621     5.142    db_load_b/CLK
    SLICE_X3Y22          FDRE                                         r  db_load_b/counter_reg[5]/C
  -------------------------------------------------------------------    -------------------
    SLICE_X3Y22          FDRE (Prop_fdre_C_Q)         0.456     5.598 r  db_load_b/counter_reg[5]/Q
                         net (fo=2, routed)           0.881     6.479    db_load_b/counter_reg[5]
    SLICE_X2Y21          LUT6 (Prop_lut6_I4_O)        0.124     6.603 f  db_load_b/counter[0]_i_7__1/O
                         net (fo=1, routed)           0.417     7.020    db_load_b/counter[0]_i_7__1_n_0
    SLICE_X2Y22          LUT5 (Prop_lut5_I1_O)        0.124     7.144 r  db_load_b/counter[0]_i_6__1/O
                         net (fo=1, routed)           0.417     7.562    db_load_b/counter[0]_i_6__1_n_0
    SLICE_X2Y23          LUT6 (Prop_lut6_I1_O)        0.124     7.686 r  db_load_b/counter[0]_i_3__1/O
                         net (fo=2, routed)           0.499     8.185    db_load_b/counter[0]_i_3__1_n_0
    SLICE_X1Y25          LUT3 (Prop_lut3_I0_O)        0.124     8.309 r  db_load_b/counter[0]_i_1__1/O
                         net (fo=18, routed)          1.049     9.358    db_load_b/counter[0]_i_1__1_n_0
    SLICE_X3Y21          FDRE                                         r  db_load_b/counter_reg[3]/R
  -------------------------------------------------------------------    -------------------

                         (clock sys_clk_pin rise edge)
                                                     10.000    10.000 r  
    W5                                                0.000    10.000 r  clk (IN)
                         net (fo=0)                   0.000    10.000    clk
    W5                   IBUF (Prop_ibuf_I_O)         1.388    11.388 r  clk_IBUF_inst/O
                         net (fo=1, routed)           1.862    13.250    clk_IBUF
    BUFGCTRL_X0Y0        BUFG (Prop_bufg_I_O)         0.091    13.341 r  clk_IBUF_BUFG_inst/O
                         net (fo=114, routed)         1.507    14.848    db_load_b/CLK
    SLICE_X3Y21          FDRE                                         r  db_load_b/counter_reg[3]/C
                         clock pessimism              0.274    15.122    
                         clock uncertainty           -0.035    15.087    
    SLICE_X3Y21          FDRE (Setup_fdre_C_R)       -0.429    14.658    db_load_b/counter_reg[3]
  -------------------------------------------------------------------
                         required time                         14.658    
                         arrival time                          -9.358    
  -------------------------------------------------------------------
                         slack                                  5.300    

Slack (MET) :             5.455ns  (required time - arrival time)
  Source:                 db_load_b/counter_reg[2]/C
                            (rising edge-triggered cell FDRE clocked by sys_clk_pin  {rise@0.000ns fall@5.000ns period=10.000ns})
  Destination:            db_load_b/counter_reg[4]/R
                            (rising edge-triggered cell FDRE clocked by sys_clk_pin  {rise@0.000ns fall@5.000ns period=10.000ns})
  Path Group:             sys_clk_pin
  Path Type:              Setup (Max at Slow Process Corner)
  Requirement:            10.000ns  (sys_clk_pin rise@10.000ns - sys_clk_pin rise@0.000ns)
  Data Path Delay:        4.056ns  (logic 0.952ns (23.471%)  route 3.104ns (76.529%))
  Logic Levels:           4  (LUT3=1 LUT5=1 LUT6=2)
  Clock Path Skew:        -0.025ns (DCD - SCD + CPR)
    Destination Clock Delay (DCD):    4.846ns = ( 14.846 - 10.000 ) 
    Source Clock Delay      (SCD):    5.145ns
    Clock Pessimism Removal (CPR):    0.274ns
  Clock Uncertainty:      0.035ns  ((TSJ^2 + TIJ^2)^1/2 + DJ) / 2 + PE
    Total System Jitter     (TSJ):    0.071ns
    Total Input Jitter      (TIJ):    0.000ns
    Discrete Jitter          (DJ):    0.000ns
    Phase Error              (PE):    0.000ns

    Location             Delay type                Incr(ns)  Path(ns)    Netlist Resource(s)
  -------------------------------------------------------------------    -------------------
                         (clock sys_clk_pin rise edge)
                                                      0.000     0.000 r  
    W5                                                0.000     0.000 r  clk (IN)
                         net (fo=0)                   0.000     0.000    clk
    W5                   IBUF (Prop_ibuf_I_O)         1.458     1.458 r  clk_IBUF_inst/O
                         net (fo=1, routed)           1.967     3.425    clk_IBUF
    BUFGCTRL_X0Y0        BUFG (Prop_bufg_I_O)         0.096     3.521 r  clk_IBUF_BUFG_inst/O
                         net (fo=114, routed)         1.624     5.145    db_load_b/CLK
    SLICE_X3Y21          FDRE                                         r  db_load_b/counter_reg[2]/C
  -------------------------------------------------------------------    -------------------
    SLICE_X3Y21          FDRE (Prop_fdre_C_Q)         0.456     5.601 r  db_load_b/counter_reg[2]/Q
                         net (fo=2, routed)           0.862     6.463    db_load_b/counter_reg[2]
    SLICE_X2Y21          LUT6 (Prop_lut6_I0_O)        0.124     6.587 f  db_load_b/counter[0]_i_7__1/O
                         net (fo=1, routed)           0.417     7.005    db_load_b/counter[0]_i_7__1_n_0
    SLICE_X2Y22          LUT5 (Prop_lut5_I1_O)        0.124     7.129 r  db_load_b/counter[0]_i_6__1/O
                         net (fo=1, routed)           0.417     7.546    db_load_b/counter[0]_i_6__1_n_0
    SLICE_X2Y23          LUT6 (Prop_lut6_I1_O)        0.124     7.670 r  db_load_b/counter[0]_i_3__1/O
                         net (fo=2, routed)           0.499     8.169    db_load_b/counter[0]_i_3__1_n_0
    SLICE_X1Y25          LUT3 (Prop_lut3_I0_O)        0.124     8.293 r  db_load_b/counter[0]_i_1__1/O
                         net (fo=18, routed)          0.908     9.201    db_load_b/counter[0]_i_1__1_n_0
    SLICE_X3Y22          FDRE                                         r  db_load_b/counter_reg[4]/R
  -------------------------------------------------------------------    -------------------

                         (clock sys_clk_pin rise edge)
                                                     10.000    10.000 r  
    W5                                                0.000    10.000 r  clk (IN)
                         net (fo=0)                   0.000    10.000    clk
    W5                   IBUF (Prop_ibuf_I_O)         1.388    11.388 r  clk_IBUF_inst/O
                         net (fo=1, routed)           1.862    13.250    clk_IBUF
    BUFGCTRL_X0Y0        BUFG (Prop_bufg_I_O)         0.091    13.341 r  clk_IBUF_BUFG_inst/O
                         net (fo=114, routed)         1.505    14.846    db_load_b/CLK
    SLICE_X3Y22          FDRE                                         r  db_load_b/counter_reg[4]/C
                         clock pessimism              0.274    15.120    
                         clock uncertainty           -0.035    15.085    
    SLICE_X3Y22          FDRE (Setup_fdre_C_R)       -0.429    14.656    db_load_b/counter_reg[4]
  -------------------------------------------------------------------
                         required time                         14.656    
                         arrival time                          -9.201    
  -------------------------------------------------------------------
                         slack                                  5.455    

Slack (MET) :             5.455ns  (required time - arrival time)
  Source:                 db_load_b/counter_reg[2]/C
                            (rising edge-triggered cell FDRE clocked by sys_clk_pin  {rise@0.000ns fall@5.000ns period=10.000ns})
  Destination:            db_load_b/counter_reg[5]/R
                            (rising edge-triggered cell FDRE clocked by sys_clk_pin  {rise@0.000ns fall@5.000ns period=10.000ns})
  Path Group:             sys_clk_pin
  Path Type:              Setup (Max at Slow Process Corner)
  Requirement:            10.000ns  (sys_clk_pin rise@10.000ns - sys_clk_pin rise@0.000ns)
  Data Path Delay:        4.056ns  (logic 0.952ns (23.471%)  route 3.104ns (76.529%))
  Logic Levels:           4  (LUT3=1 LUT5=1 LUT6=2)
  Clock Path Skew:        -0.025ns (DCD - SCD + CPR)
    Destination Clock Delay (DCD):    4.846ns = ( 14.846 - 10.000 ) 
    Source Clock Delay      (SCD):    5.145ns
    Clock Pessimism Removal (CPR):    0.274ns
  Clock Uncertainty:      0.035ns  ((TSJ^2 + TIJ^2)^1/2 + DJ) / 2 + PE
    Total System Jitter     (TSJ):    0.071ns
    Total Input Jitter      (TIJ):    0.000ns
    Discrete Jitter          (DJ):    0.000ns
    Phase Error              (PE):    0.000ns

    Location             Delay type                Incr(ns)  Path(ns)    Netlist Resource(s)
  -------------------------------------------------------------------    -------------------
                         (clock sys_clk_pin rise edge)
                                                      0.000     0.000 r  
    W5                                                0.000     0.000 r  clk (IN)
                         net (fo=0)                   0.000     0.000    clk
    W5                   IBUF (Prop_ibuf_I_O)         1.458     1.458 r  clk_IBUF_inst/O
                         net (fo=1, routed)           1.967     3.425    clk_IBUF
    BUFGCTRL_X0Y0        BUFG (Prop_bufg_I_O)         0.096     3.521 r  clk_IBUF_BUFG_inst/O
                         net (fo=114, routed)         1.624     5.145    db_load_b/CLK
    SLICE_X3Y21          FDRE                                         r  db_load_b/counter_reg[2]/C
  -------------------------------------------------------------------    -------------------
    SLICE_X3Y21          FDRE (Prop_fdre_C_Q)         0.456     5.601 r  db_load_b/counter_reg[2]/Q
                         net (fo=2, routed)           0.862     6.463    db_load_b/counter_reg[2]
    SLICE_X2Y21          LUT6 (Prop_lut6_I0_O)        0.124     6.587 f  db_load_b/counter[0]_i_7__1/O
                         net (fo=1, routed)           0.417     7.005    db_load_b/counter[0]_i_7__1_n_0
    SLICE_X2Y22          LUT5 (Prop_lut5_I1_O)        0.124     7.129 r  db_load_b/counter[0]_i_6__1/O
                         net (fo=1, routed)           0.417     7.546    db_load_b/counter[0]_i_6__1_n_0
    SLICE_X2Y23          LUT6 (Prop_lut6_I1_O)        0.124     7.670 r  db_load_b/counter[0]_i_3__1/O
                         net (fo=2, routed)           0.499     8.169    db_load_b/counter[0]_i_3__1_n_0
    SLICE_X1Y25          LUT3 (Prop_lut3_I0_O)        0.124     8.293 r  db_load_b/counter[0]_i_1__1/O
                         net (fo=18, routed)          0.908     9.201    db_load_b/counter[0]_i_1__1_n_0
    SLICE_X3Y22          FDRE                                         r  db_load_b/counter_reg[5]/R
  -------------------------------------------------------------------    -------------------

                         (clock sys_clk_pin rise edge)
                                                     10.000    10.000 r  
    W5                                                0.000    10.000 r  clk (IN)
                         net (fo=0)                   0.000    10.000    clk
    W5                   IBUF (Prop_ibuf_I_O)         1.388    11.388 r  clk_IBUF_inst/O
                         net (fo=1, routed)           1.862    13.250    clk_IBUF
    BUFGCTRL_X0Y0        BUFG (Prop_bufg_I_O)         0.091    13.341 r  clk_IBUF_BUFG_inst/O
                         net (fo=114, routed)         1.505    14.846    db_load_b/CLK
    SLICE_X3Y22          FDRE                                         r  db_load_b/counter_reg[5]/C
                         clock pessimism              0.274    15.120    
                         clock uncertainty           -0.035    15.085    
    SLICE_X3Y22          FDRE (Setup_fdre_C_R)       -0.429    14.656    db_load_b/counter_reg[5]
  -------------------------------------------------------------------
                         required time                         14.656    
                         arrival time                          -9.201    
  -------------------------------------------------------------------
                         slack                                  5.455    

Slack (MET) :             5.455ns  (required time - arrival time)
  Source:                 db_load_b/counter_reg[2]/C
                            (rising edge-triggered cell FDRE clocked by sys_clk_pin  {rise@0.000ns fall@5.000ns period=10.000ns})
  Destination:            db_load_b/counter_reg[6]/R
                            (rising edge-triggered cell FDRE clocked by sys_clk_pin  {rise@0.000ns fall@5.000ns period=10.000ns})
  Path Group:             sys_clk_pin
  Path Type:              Setup (Max at Slow Process Corner)
  Requirement:            10.000ns  (sys_clk_pin rise@10.000ns - sys_clk_pin rise@0.000ns)
  Data Path Delay:        4.056ns  (logic 0.952ns (23.471%)  route 3.104ns (76.529%))
  Logic Levels:           4  (LUT3=1 LUT5=1 LUT6=2)
  Clock Path Skew:        -0.025ns (DCD - SCD + CPR)
    Destination Clock Delay (DCD):    4.846ns = ( 14.846 - 10.000 ) 
    Source Clock Delay      (SCD):    5.145ns
    Clock Pessimism Removal (CPR):    0.274ns
  Clock Uncertainty:      0.035ns  ((TSJ^2 + TIJ^2)^1/2 + DJ) / 2 + PE
    Total System Jitter     (TSJ):    0.071ns
    Total Input Jitter      (TIJ):    0.000ns
    Discrete Jitter          (DJ):    0.000ns
    Phase Error              (PE):    0.000ns

    Location             Delay type                Incr(ns)  Path(ns)    Netlist Resource(s)
  -------------------------------------------------------------------    -------------------
                         (clock sys_clk_pin rise edge)
                                                      0.000     0.000 r  
    W5                                                0.000     0.000 r  clk (IN)
                         net (fo=0)                   0.000     0.000    clk
    W5                   IBUF (Prop_ibuf_I_O)         1.458     1.458 r  clk_IBUF_inst/O
                         net (fo=1, routed)           1.967     3.425    clk_IBUF
    BUFGCTRL_X0Y0        BUFG (Prop_bufg_I_O)         0.096     3.521 r  clk_IBUF_BUFG_inst/O
                         net (fo=114, routed)         1.624     5.145    db_load_b/CLK
    SLICE_X3Y21          FDRE                                         r  db_load_b/counter_reg[2]/C
  -------------------------------------------------------------------    -------------------
    SLICE_X3Y21          FDRE (Prop_fdre_C_Q)         0.456     5.601 r  db_load_b/counter_reg[2]/Q
                         net (fo=2, routed)           0.862     6.463    db_load_b/counter_reg[2]
    SLICE_X2Y21          LUT6 (Prop_lut6_I0_O)        0.124     6.587 f  db_load_b/counter[0]_i_7__1/O
                         net (fo=1, routed)           0.417     7.005    db_load_b/counter[0]_i_7__1_n_0
    SLICE_X2Y22          LUT5 (Prop_lut5_I1_O)        0.124     7.129 r  db_load_b/counter[0]_i_6__1/O
                         net (fo=1, routed)           0.417     7.546    db_load_b/counter[0]_i_6__1_n_0
    SLICE_X2Y23          LUT6 (Prop_lut6_I1_O)        0.124     7.670 r  db_load_b/counter[0]_i_3__1/O
                         net (fo=2, routed)           0.499     8.169    db_load_b/counter[0]_i_3__1_n_0
    SLICE_X1Y25          LUT3 (Prop_lut3_I0_O)        0.124     8.293 r  db_load_b/counter[0]_i_1__1/O
                         net (fo=18, routed)          0.908     9.201    db_load_b/counter[0]_i_1__1_n_0
    SLICE_X3Y22          FDRE                                         r  db_load_b/counter_reg[6]/R
  -------------------------------------------------------------------    -------------------

                         (clock sys_clk_pin rise edge)
                                                     10.000    10.000 r  
    W5                                                0.000    10.000 r  clk (IN)
                         net (fo=0)                   0.000    10.000    clk
    W5                   IBUF (Prop_ibuf_I_O)         1.388    11.388 r  clk_IBUF_inst/O
                         net (fo=1, routed)           1.862    13.250    clk_IBUF
    BUFGCTRL_X0Y0        BUFG (Prop_bufg_I_O)         0.091    13.341 r  clk_IBUF_BUFG_inst/O
                         net (fo=114, routed)         1.505    14.846    db_load_b/CLK
    SLICE_X3Y22          FDRE                                         r  db_load_b/counter_reg[6]/C
                         clock pessimism              0.274    15.120    
                         clock uncertainty           -0.035    15.085    
    SLICE_X3Y22          FDRE (Setup_fdre_C_R)       -0.429    14.656    db_load_b/counter_reg[6]
  -------------------------------------------------------------------
                         required time                         14.656    
                         arrival time                          -9.201    
  -------------------------------------------------------------------
                         slack                                  5.455    

Slack (MET) :             5.455ns  (required time - arrival time)
  Source:                 db_load_b/counter_reg[2]/C
                            (rising edge-triggered cell FDRE clocked by sys_clk_pin  {rise@0.000ns fall@5.000ns period=10.000ns})
  Destination:            db_load_b/counter_reg[7]/R
                            (rising edge-triggered cell FDRE clocked by sys_clk_pin  {rise@0.000ns fall@5.000ns period=10.000ns})
  Path Group:             sys_clk_pin
  Path Type:              Setup (Max at Slow Process Corner)
  Requirement:            10.000ns  (sys_clk_pin rise@10.000ns - sys_clk_pin rise@0.000ns)
  Data Path Delay:        4.056ns  (logic 0.952ns (23.471%)  route 3.104ns (76.529%))
  Logic Levels:           4  (LUT3=1 LUT5=1 LUT6=2)
  Clock Path Skew:        -0.025ns (DCD - SCD + CPR)
    Destination Clock Delay (DCD):    4.846ns = ( 14.846 - 10.000 ) 
    Source Clock Delay      (SCD):    5.145ns
    Clock Pessimism Removal (CPR):    0.274ns
  Clock Uncertainty:      0.035ns  ((TSJ^2 + TIJ^2)^1/2 + DJ) / 2 + PE
    Total System Jitter     (TSJ):    0.071ns
    Total Input Jitter      (TIJ):    0.000ns
    Discrete Jitter          (DJ):    0.000ns
    Phase Error              (PE):    0.000ns

    Location             Delay type                Incr(ns)  Path(ns)    Netlist Resource(s)
  -------------------------------------------------------------------    -------------------
                         (clock sys_clk_pin rise edge)
                                                      0.000     0.000 r  
    W5                                                0.000     0.000 r  clk (IN)
                         net (fo=0)                   0.000     0.000    clk
    W5                   IBUF (Prop_ibuf_I_O)         1.458     1.458 r  clk_IBUF_inst/O
                         net (fo=1, routed)           1.967     3.425    clk_IBUF
    BUFGCTRL_X0Y0        BUFG (Prop_bufg_I_O)         0.096     3.521 r  clk_IBUF_BUFG_inst/O
                         net (fo=114, routed)         1.624     5.145    db_load_b/CLK
    SLICE_X3Y21          FDRE                                         r  db_load_b/counter_reg[2]/C
  -------------------------------------------------------------------    -------------------
    SLICE_X3Y21          FDRE (Prop_fdre_C_Q)         0.456     5.601 r  db_load_b/counter_reg[2]/Q
                         net (fo=2, routed)           0.862     6.463    db_load_b/counter_reg[2]
    SLICE_X2Y21          LUT6 (Prop_lut6_I0_O)        0.124     6.587 f  db_load_b/counter[0]_i_7__1/O
                         net (fo=1, routed)           0.417     7.005    db_load_b/counter[0]_i_7__1_n_0
    SLICE_X2Y22          LUT5 (Prop_lut5_I1_O)        0.124     7.129 r  db_load_b/counter[0]_i_6__1/O
                         net (fo=1, routed)           0.417     7.546    db_load_b/counter[0]_i_6__1_n_0
    SLICE_X2Y23          LUT6 (Prop_lut6_I1_O)        0.124     7.670 r  db_load_b/counter[0]_i_3__1/O
                         net (fo=2, routed)           0.499     8.169    db_load_b/counter[0]_i_3__1_n_0
    SLICE_X1Y25          LUT3 (Prop_lut3_I0_O)        0.124     8.293 r  db_load_b/counter[0]_i_1__1/O
                         net (fo=18, routed)          0.908     9.201    db_load_b/counter[0]_i_1__1_n_0
    SLICE_X3Y22          FDRE                                         r  db_load_b/counter_reg[7]/R
  -------------------------------------------------------------------    -------------------

                         (clock sys_clk_pin rise edge)
                                                     10.000    10.000 r  
    W5                                                0.000    10.000 r  clk (IN)
                         net (fo=0)                   0.000    10.000    clk
    W5                   IBUF (Prop_ibuf_I_O)         1.388    11.388 r  clk_IBUF_inst/O
                         net (fo=1, routed)           1.862    13.250    clk_IBUF
    BUFGCTRL_X0Y0        BUFG (Prop_bufg_I_O)         0.091    13.341 r  clk_IBUF_BUFG_inst/O
                         net (fo=114, routed)         1.505    14.846    db_load_b/CLK
    SLICE_X3Y22          FDRE                                         r  db_load_b/counter_reg[7]/C
                         clock pessimism              0.274    15.120    
                         clock uncertainty           -0.035    15.085    
    SLICE_X3Y22          FDRE (Setup_fdre_C_R)       -0.429    14.656    db_load_b/counter_reg[7]
  -------------------------------------------------------------------
                         required time                         14.656    
                         arrival time                          -9.201    
  -------------------------------------------------------------------
                         slack                                  5.455    

Slack (MET) :             5.519ns  (required time - arrival time)
  Source:                 db_load_a/counter_reg[5]/C
                            (rising edge-triggered cell FDRE clocked by sys_clk_pin  {rise@0.000ns fall@5.000ns period=10.000ns})
  Destination:            db_load_a/counter_reg[0]/R
                            (rising edge-triggered cell FDRE clocked by sys_clk_pin  {rise@0.000ns fall@5.000ns period=10.000ns})
  Path Group:             sys_clk_pin
  Path Type:              Setup (Max at Slow Process Corner)
  Requirement:            10.000ns  (sys_clk_pin rise@10.000ns - sys_clk_pin rise@0.000ns)
  Data Path Delay:        3.995ns  (logic 0.952ns (23.830%)  route 3.043ns (76.170%))
  Logic Levels:           4  (LUT3=1 LUT5=1 LUT6=2)
  Clock Path Skew:        -0.022ns (DCD - SCD + CPR)
    Destination Clock Delay (DCD):    4.847ns = ( 14.847 - 10.000 ) 
    Source Clock Delay      (SCD):    5.142ns
    Clock Pessimism Removal (CPR):    0.273ns
  Clock Uncertainty:      0.035ns  ((TSJ^2 + TIJ^2)^1/2 + DJ) / 2 + PE
    Total System Jitter     (TSJ):    0.071ns
    Total Input Jitter      (TIJ):    0.000ns
    Discrete Jitter          (DJ):    0.000ns
    Phase Error              (PE):    0.000ns

    Location             Delay type                Incr(ns)  Path(ns)    Netlist Resource(s)
  -------------------------------------------------------------------    -------------------
                         (clock sys_clk_pin rise edge)
                                                      0.000     0.000 r  
    W5                                                0.000     0.000 r  clk (IN)
                         net (fo=0)                   0.000     0.000    clk
    W5                   IBUF (Prop_ibuf_I_O)         1.458     1.458 r  clk_IBUF_inst/O
                         net (fo=1, routed)           1.967     3.425    clk_IBUF
    BUFGCTRL_X0Y0        BUFG (Prop_bufg_I_O)         0.096     3.521 r  clk_IBUF_BUFG_inst/O
                         net (fo=114, routed)         1.621     5.142    db_load_a/CLK
    SLICE_X5Y21          FDRE                                         r  db_load_a/counter_reg[5]/C
  -------------------------------------------------------------------    -------------------
    SLICE_X5Y21          FDRE (Prop_fdre_C_Q)         0.456     5.598 r  db_load_a/counter_reg[5]/Q
                         net (fo=2, routed)           0.875     6.473    db_load_a/counter_reg[5]
    SLICE_X4Y20          LUT6 (Prop_lut6_I4_O)        0.124     6.597 f  db_load_a/counter[0]_i_7__0/O
                         net (fo=1, routed)           0.417     7.014    db_load_a/counter[0]_i_7__0_n_0
    SLICE_X4Y21          LUT5 (Prop_lut5_I1_O)        0.124     7.138 r  db_load_a/counter[0]_i_6__0/O
                         net (fo=1, routed)           0.640     7.778    db_load_a/counter[0]_i_6__0_n_0
    SLICE_X4Y23          LUT6 (Prop_lut6_I1_O)        0.124     7.902 r  db_load_a/counter[0]_i_3__0/O
                         net (fo=2, routed)           0.172     8.074    db_load_a/counter[0]_i_3__0_n_0
    SLICE_X4Y23          LUT3 (Prop_lut3_I0_O)        0.124     8.198 r  db_load_a/counter[0]_i_1__0/O
                         net (fo=18, routed)          0.939     9.137    db_load_a/counter[0]_i_1__0_n_0
    SLICE_X5Y20          FDRE                                         r  db_load_a/counter_reg[0]/R
  -------------------------------------------------------------------    -------------------

                         (clock sys_clk_pin rise edge)
                                                     10.000    10.000 r  
    W5                                                0.000    10.000 r  clk (IN)
                         net (fo=0)                   0.000    10.000    clk
    W5                   IBUF (Prop_ibuf_I_O)         1.388    11.388 r  clk_IBUF_inst/O
                         net (fo=1, routed)           1.862    13.250    clk_IBUF
    BUFGCTRL_X0Y0        BUFG (Prop_bufg_I_O)         0.091    13.341 r  clk_IBUF_BUFG_inst/O
                         net (fo=114, routed)         1.506    14.847    db_load_a/CLK
    SLICE_X5Y20          FDRE                                         r  db_load_a/counter_reg[0]/C
                         clock pessimism              0.273    15.120    
                         clock uncertainty           -0.035    15.085    
    SLICE_X5Y20          FDRE (Setup_fdre_C_R)       -0.429    14.656    db_load_a/counter_reg[0]
  -------------------------------------------------------------------
                         required time                         14.656    
                         arrival time                          -9.137    
  -------------------------------------------------------------------
                         slack                                  5.519    

Slack (MET) :             5.519ns  (required time - arrival time)
  Source:                 db_load_a/counter_reg[5]/C
                            (rising edge-triggered cell FDRE clocked by sys_clk_pin  {rise@0.000ns fall@5.000ns period=10.000ns})
  Destination:            db_load_a/counter_reg[1]/R
                            (rising edge-triggered cell FDRE clocked by sys_clk_pin  {rise@0.000ns fall@5.000ns period=10.000ns})
  Path Group:             sys_clk_pin
  Path Type:              Setup (Max at Slow Process Corner)
  Requirement:            10.000ns  (sys_clk_pin rise@10.000ns - sys_clk_pin rise@0.000ns)
  Data Path Delay:        3.995ns  (logic 0.952ns (23.830%)  route 3.043ns (76.170%))
  Logic Levels:           4  (LUT3=1 LUT5=1 LUT6=2)
  Clock Path Skew:        -0.022ns (DCD - SCD + CPR)
    Destination Clock Delay (DCD):    4.847ns = ( 14.847 - 10.000 ) 
    Source Clock Delay      (SCD):    5.142ns
    Clock Pessimism Removal (CPR):    0.273ns
  Clock Uncertainty:      0.035ns  ((TSJ^2 + TIJ^2)^1/2 + DJ) / 2 + PE
    Total System Jitter     (TSJ):    0.071ns
    Total Input Jitter      (TIJ):    0.000ns
    Discrete Jitter          (DJ):    0.000ns
    Phase Error              (PE):    0.000ns

    Location             Delay type                Incr(ns)  Path(ns)    Netlist Resource(s)
  -------------------------------------------------------------------    -------------------
                         (clock sys_clk_pin rise edge)
                                                      0.000     0.000 r  
    W5                                                0.000     0.000 r  clk (IN)
                         net (fo=0)                   0.000     0.000    clk
    W5                   IBUF (Prop_ibuf_I_O)         1.458     1.458 r  clk_IBUF_inst/O
                         net (fo=1, routed)           1.967     3.425    clk_IBUF
    BUFGCTRL_X0Y0        BUFG (Prop_bufg_I_O)         0.096     3.521 r  clk_IBUF_BUFG_inst/O
                         net (fo=114, routed)         1.621     5.142    db_load_a/CLK
    SLICE_X5Y21          FDRE                                         r  db_load_a/counter_reg[5]/C
  -------------------------------------------------------------------    -------------------
    SLICE_X5Y21          FDRE (Prop_fdre_C_Q)         0.456     5.598 r  db_load_a/counter_reg[5]/Q
                         net (fo=2, routed)           0.875     6.473    db_load_a/counter_reg[5]
    SLICE_X4Y20          LUT6 (Prop_lut6_I4_O)        0.124     6.597 f  db_load_a/counter[0]_i_7__0/O
                         net (fo=1, routed)           0.417     7.014    db_load_a/counter[0]_i_7__0_n_0
    SLICE_X4Y21          LUT5 (Prop_lut5_I1_O)        0.124     7.138 r  db_load_a/counter[0]_i_6__0/O
                         net (fo=1, routed)           0.640     7.778    db_load_a/counter[0]_i_6__0_n_0
    SLICE_X4Y23          LUT6 (Prop_lut6_I1_O)        0.124     7.902 r  db_load_a/counter[0]_i_3__0/O
                         net (fo=2, routed)           0.172     8.074    db_load_a/counter[0]_i_3__0_n_0
    SLICE_X4Y23          LUT3 (Prop_lut3_I0_O)        0.124     8.198 r  db_load_a/counter[0]_i_1__0/O
                         net (fo=18, routed)          0.939     9.137    db_load_a/counter[0]_i_1__0_n_0
    SLICE_X5Y20          FDRE                                         r  db_load_a/counter_reg[1]/R
  -------------------------------------------------------------------    -------------------

                         (clock sys_clk_pin rise edge)
                                                     10.000    10.000 r  
    W5                                                0.000    10.000 r  clk (IN)
                         net (fo=0)                   0.000    10.000    clk
    W5                   IBUF (Prop_ibuf_I_O)         1.388    11.388 r  clk_IBUF_inst/O
                         net (fo=1, routed)           1.862    13.250    clk_IBUF
    BUFGCTRL_X0Y0        BUFG (Prop_bufg_I_O)         0.091    13.341 r  clk_IBUF_BUFG_inst/O
                         net (fo=114, routed)         1.506    14.847    db_load_a/CLK
    SLICE_X5Y20          FDRE                                         r  db_load_a/counter_reg[1]/C
                         clock pessimism              0.273    15.120    
                         clock uncertainty           -0.035    15.085    
    SLICE_X5Y20          FDRE (Setup_fdre_C_R)       -0.429    14.656    db_load_a/counter_reg[1]
  -------------------------------------------------------------------
                         required time                         14.656    
                         arrival time                          -9.137    
  -------------------------------------------------------------------
                         slack                                  5.519    





Min Delay Paths
--------------------------------------------------------------------------------------
Slack (MET) :             0.231ns  (arrival time - required time)
  Source:                 db_rst/btn_sync1_reg/C
                            (rising edge-triggered cell FDRE clocked by sys_clk_pin  {rise@0.000ns fall@5.000ns period=10.000ns})
  Destination:            db_rst/btn_stable_reg/D
                            (rising edge-triggered cell FDRE clocked by sys_clk_pin  {rise@0.000ns fall@5.000ns period=10.000ns})
  Path Group:             sys_clk_pin
  Path Type:              Hold (Min at Fast Process Corner)
  Requirement:            0.000ns  (sys_clk_pin rise@0.000ns - sys_clk_pin rise@0.000ns)
  Data Path Delay:        0.338ns  (logic 0.189ns (55.871%)  route 0.149ns (44.128%))
  Logic Levels:           1  (LUT3=1)
  Clock Path Skew:        0.000ns (DCD - SCD - CPR)
    Destination Clock Delay (DCD):    1.979ns
    Source Clock Delay      (SCD):    1.466ns
    Clock Pessimism Removal (CPR):    0.513ns

    Location             Delay type                Incr(ns)  Path(ns)    Netlist Resource(s)
  -------------------------------------------------------------------    -------------------
                         (clock sys_clk_pin rise edge)
                                                      0.000     0.000 r  
    W5                                                0.000     0.000 r  clk (IN)
                         net (fo=0)                   0.000     0.000    clk
    W5                   IBUF (Prop_ibuf_I_O)         0.226     0.226 r  clk_IBUF_inst/O
                         net (fo=1, routed)           0.631     0.858    clk_IBUF
    BUFGCTRL_X0Y0        BUFG (Prop_bufg_I_O)         0.026     0.884 r  clk_IBUF_BUFG_inst/O
                         net (fo=114, routed)         0.583     1.466    db_rst/CLK
    SLICE_X7Y21          FDRE                                         r  db_rst/btn_sync1_reg/C
  -------------------------------------------------------------------    -------------------
    SLICE_X7Y21          FDRE (Prop_fdre_C_Q)         0.141     1.607 r  db_rst/btn_sync1_reg/Q
                         net (fo=2, routed)           0.149     1.756    db_rst/btn_sync1
    SLICE_X7Y21          LUT3 (Prop_lut3_I1_O)        0.048     1.804 r  db_rst/btn_stable_i_1/O
                         net (fo=1, routed)           0.000     1.804    db_rst/btn_stable_i_1_n_0
    SLICE_X7Y21          FDRE                                         r  db_rst/btn_stable_reg/D
  -------------------------------------------------------------------    -------------------

                         (clock sys_clk_pin rise edge)
                                                      0.000     0.000 r  
    W5                                                0.000     0.000 r  clk (IN)
                         net (fo=0)                   0.000     0.000    clk
    W5                   IBUF (Prop_ibuf_I_O)         0.414     0.414 r  clk_IBUF_inst/O
                         net (fo=1, routed)           0.685     1.099    clk_IBUF
    BUFGCTRL_X0Y0        BUFG (Prop_bufg_I_O)         0.029     1.128 r  clk_IBUF_BUFG_inst/O
                         net (fo=114, routed)         0.852     1.979    db_rst/CLK
    SLICE_X7Y21          FDRE                                         r  db_rst/btn_stable_reg/C
                         clock pessimism             -0.513     1.466    
    SLICE_X7Y21          FDRE (Hold_fdre_C_D)         0.107     1.573    db_rst/btn_stable_reg
  -------------------------------------------------------------------
                         required time                         -1.573    
                         arrival time                           1.804    
  -------------------------------------------------------------------
                         slack                                  0.231    

Slack (MET) :             0.243ns  (arrival time - required time)
  Source:                 db_load_b/btn_sync0_reg/C
                            (rising edge-triggered cell FDRE clocked by sys_clk_pin  {rise@0.000ns fall@5.000ns period=10.000ns})
  Destination:            db_load_b/btn_sync1_reg/D
                            (rising edge-triggered cell FDRE clocked by sys_clk_pin  {rise@0.000ns fall@5.000ns period=10.000ns})
  Path Group:             sys_clk_pin
  Path Type:              Hold (Min at Fast Process Corner)
  Requirement:            0.000ns  (sys_clk_pin rise@0.000ns - sys_clk_pin rise@0.000ns)
  Data Path Delay:        0.313ns  (logic 0.141ns (45.034%)  route 0.172ns (54.966%))
  Logic Levels:           0  
  Clock Path Skew:        0.000ns (DCD - SCD - CPR)
    Destination Clock Delay (DCD):    1.981ns
    Source Clock Delay      (SCD):    1.468ns
    Clock Pessimism Removal (CPR):    0.513ns

    Location             Delay type                Incr(ns)  Path(ns)    Netlist Resource(s)
  -------------------------------------------------------------------    -------------------
                         (clock sys_clk_pin rise edge)
                                                      0.000     0.000 r  
    W5                                                0.000     0.000 r  clk (IN)
                         net (fo=0)                   0.000     0.000    clk
    W5                   IBUF (Prop_ibuf_I_O)         0.226     0.226 r  clk_IBUF_inst/O
                         net (fo=1, routed)           0.631     0.858    clk_IBUF
    BUFGCTRL_X0Y0        BUFG (Prop_bufg_I_O)         0.026     0.884 r  clk_IBUF_BUFG_inst/O
                         net (fo=114, routed)         0.585     1.468    db_load_b/CLK
    SLICE_X0Y21          FDRE                                         r  db_load_b/btn_sync0_reg/C
  -------------------------------------------------------------------    -------------------
    SLICE_X0Y21          FDRE (Prop_fdre_C_Q)         0.141     1.609 r  db_load_b/btn_sync0_reg/Q
                         net (fo=1, routed)           0.172     1.781    db_load_b/btn_sync0_reg_n_0
    SLICE_X0Y21          FDRE                                         r  db_load_b/btn_sync1_reg/D
  -------------------------------------------------------------------    -------------------

                         (clock sys_clk_pin rise edge)
                                                      0.000     0.000 r  
    W5                                                0.000     0.000 r  clk (IN)
                         net (fo=0)                   0.000     0.000    clk
    W5                   IBUF (Prop_ibuf_I_O)         0.414     0.414 r  clk_IBUF_inst/O
                         net (fo=1, routed)           0.685     1.099    clk_IBUF
    BUFGCTRL_X0Y0        BUFG (Prop_bufg_I_O)         0.029     1.128 r  clk_IBUF_BUFG_inst/O
                         net (fo=114, routed)         0.854     1.981    db_load_b/CLK
    SLICE_X0Y21          FDRE                                         r  db_load_b/btn_sync1_reg/C
                         clock pessimism             -0.513     1.468    
    SLICE_X0Y21          FDRE (Hold_fdre_C_D)         0.070     1.538    db_load_b/btn_sync1_reg
  -------------------------------------------------------------------
                         required time                         -1.538    
                         arrival time                           1.781    
  -------------------------------------------------------------------
                         slack                                  0.243    

Slack (MET) :             0.249ns  (arrival time - required time)
  Source:                 db_load_a/btn_sync0_reg/C
                            (rising edge-triggered cell FDRE clocked by sys_clk_pin  {rise@0.000ns fall@5.000ns period=10.000ns})
  Destination:            db_load_a/btn_sync1_reg/D
                            (rising edge-triggered cell FDRE clocked by sys_clk_pin  {rise@0.000ns fall@5.000ns period=10.000ns})
  Path Group:             sys_clk_pin
  Path Type:              Hold (Min at Fast Process Corner)
  Requirement:            0.000ns  (sys_clk_pin rise@0.000ns - sys_clk_pin rise@0.000ns)
  Data Path Delay:        0.315ns  (logic 0.141ns (44.783%)  route 0.174ns (55.217%))
  Logic Levels:           0  
  Clock Path Skew:        0.000ns (DCD - SCD - CPR)
    Destination Clock Delay (DCD):    1.981ns
    Source Clock Delay      (SCD):    1.468ns
    Clock Pessimism Removal (CPR):    0.513ns

    Location             Delay type                Incr(ns)  Path(ns)    Netlist Resource(s)
  -------------------------------------------------------------------    -------------------
                         (clock sys_clk_pin rise edge)
                                                      0.000     0.000 r  
    W5                                                0.000     0.000 r  clk (IN)
                         net (fo=0)                   0.000     0.000    clk
    W5                   IBUF (Prop_ibuf_I_O)         0.226     0.226 r  clk_IBUF_inst/O
                         net (fo=1, routed)           0.631     0.858    clk_IBUF
    BUFGCTRL_X0Y0        BUFG (Prop_bufg_I_O)         0.026     0.884 r  clk_IBUF_BUFG_inst/O
                         net (fo=114, routed)         0.585     1.468    db_load_a/CLK
    SLICE_X4Y19          FDRE                                         r  db_load_a/btn_sync0_reg/C
  -------------------------------------------------------------------    -------------------
    SLICE_X4Y19          FDRE (Prop_fdre_C_Q)         0.141     1.609 r  db_load_a/btn_sync0_reg/Q
                         net (fo=1, routed)           0.174     1.783    db_load_a/btn_sync0_reg_n_0
    SLICE_X4Y19          FDRE                                         r  db_load_a/btn_sync1_reg/D
  -------------------------------------------------------------------    -------------------

                         (clock sys_clk_pin rise edge)
                                                      0.000     0.000 r  
    W5                                                0.000     0.000 r  clk (IN)
                         net (fo=0)                   0.000     0.000    clk
    W5                   IBUF (Prop_ibuf_I_O)         0.414     0.414 r  clk_IBUF_inst/O
                         net (fo=1, routed)           0.685     1.099    clk_IBUF
    BUFGCTRL_X0Y0        BUFG (Prop_bufg_I_O)         0.029     1.128 r  clk_IBUF_BUFG_inst/O
                         net (fo=114, routed)         0.854     1.981    db_load_a/CLK
    SLICE_X4Y19          FDRE                                         r  db_load_a/btn_sync1_reg/C
                         clock pessimism             -0.513     1.468    
    SLICE_X4Y19          FDRE (Hold_fdre_C_D)         0.066     1.534    db_load_a/btn_sync1_reg
  -------------------------------------------------------------------
                         required time                         -1.534    
                         arrival time                           1.783    
  -------------------------------------------------------------------
                         slack                                  0.249    

Slack (MET) :             0.261ns  (arrival time - required time)
  Source:                 db_load_op/counter_reg[11]/C
                            (rising edge-triggered cell FDRE clocked by sys_clk_pin  {rise@0.000ns fall@5.000ns period=10.000ns})
  Destination:            db_load_op/counter_reg[11]/D
                            (rising edge-triggered cell FDRE clocked by sys_clk_pin  {rise@0.000ns fall@5.000ns period=10.000ns})
  Path Group:             sys_clk_pin
  Path Type:              Hold (Min at Fast Process Corner)
  Requirement:            0.000ns  (sys_clk_pin rise@0.000ns - sys_clk_pin rise@0.000ns)
  Data Path Delay:        0.366ns  (logic 0.249ns (68.025%)  route 0.117ns (31.975%))
  Logic Levels:           1  (CARRY4=1)
  Clock Path Skew:        0.000ns (DCD - SCD - CPR)
    Destination Clock Delay (DCD):    1.981ns
    Source Clock Delay      (SCD):    1.468ns
    Clock Pessimism Removal (CPR):    0.513ns

    Location             Delay type                Incr(ns)  Path(ns)    Netlist Resource(s)
  -------------------------------------------------------------------    -------------------
                         (clock sys_clk_pin rise edge)
                                                      0.000     0.000 r  
    W5                                                0.000     0.000 r  clk (IN)
                         net (fo=0)                   0.000     0.000    clk
    W5                   IBUF (Prop_ibuf_I_O)         0.226     0.226 r  clk_IBUF_inst/O
                         net (fo=1, routed)           0.631     0.858    clk_IBUF
    BUFGCTRL_X0Y0        BUFG (Prop_bufg_I_O)         0.026     0.884 r  clk_IBUF_BUFG_inst/O
                         net (fo=114, routed)         0.585     1.468    db_load_op/CLK
    SLICE_X1Y21          FDRE                                         r  db_load_op/counter_reg[11]/C
  -------------------------------------------------------------------    -------------------
    SLICE_X1Y21          FDRE (Prop_fdre_C_Q)         0.141     1.609 r  db_load_op/counter_reg[11]/Q
                         net (fo=2, routed)           0.117     1.726    db_load_op/counter_reg[11]
    SLICE_X1Y21          CARRY4 (Prop_carry4_S[3]_O[3])
                                                      0.108     1.834 r  db_load_op/counter_reg[8]_i_1__2/O[3]
                         net (fo=1, routed)           0.000     1.834    db_load_op/counter_reg[8]_i_1__2_n_4
    SLICE_X1Y21          FDRE                                         r  db_load_op/counter_reg[11]/D
  -------------------------------------------------------------------    -------------------

                         (clock sys_clk_pin rise edge)
                                                      0.000     0.000 r  
    W5                                                0.000     0.000 r  clk (IN)
                         net (fo=0)                   0.000     0.000    clk
    W5                   IBUF (Prop_ibuf_I_O)         0.414     0.414 r  clk_IBUF_inst/O
                         net (fo=1, routed)           0.685     1.099    clk_IBUF
    BUFGCTRL_X0Y0        BUFG (Prop_bufg_I_O)         0.029     1.128 r  clk_IBUF_BUFG_inst/O
                         net (fo=114, routed)         0.854     1.981    db_load_op/CLK
    SLICE_X1Y21          FDRE                                         r  db_load_op/counter_reg[11]/C
                         clock pessimism             -0.513     1.468    
    SLICE_X1Y21          FDRE (Hold_fdre_C_D)         0.105     1.573    db_load_op/counter_reg[11]
  -------------------------------------------------------------------
                         required time                         -1.573    
                         arrival time                           1.834    
  -------------------------------------------------------------------
                         slack                                  0.261    

Slack (MET) :             0.261ns  (arrival time - required time)
  Source:                 db_load_a/counter_reg[7]/C
                            (rising edge-triggered cell FDRE clocked by sys_clk_pin  {rise@0.000ns fall@5.000ns period=10.000ns})
  Destination:            db_load_a/counter_reg[7]/D
                            (rising edge-triggered cell FDRE clocked by sys_clk_pin  {rise@0.000ns fall@5.000ns period=10.000ns})
  Path Group:             sys_clk_pin
  Path Type:              Hold (Min at Fast Process Corner)
  Requirement:            0.000ns  (sys_clk_pin rise@0.000ns - sys_clk_pin rise@0.000ns)
  Data Path Delay:        0.366ns  (logic 0.249ns (67.994%)  route 0.117ns (32.006%))
  Logic Levels:           1  (CARRY4=1)
  Clock Path Skew:        0.000ns (DCD - SCD - CPR)
    Destination Clock Delay (DCD):    1.979ns
    Source Clock Delay      (SCD):    1.466ns
    Clock Pessimism Removal (CPR):    0.513ns

    Location             Delay type                Incr(ns)  Path(ns)    Netlist Resource(s)
  -------------------------------------------------------------------    -------------------
                         (clock sys_clk_pin rise edge)
                                                      0.000     0.000 r  
    W5                                                0.000     0.000 r  clk (IN)
                         net (fo=0)                   0.000     0.000    clk
    W5                   IBUF (Prop_ibuf_I_O)         0.226     0.226 r  clk_IBUF_inst/O
                         net (fo=1, routed)           0.631     0.858    clk_IBUF
    BUFGCTRL_X0Y0        BUFG (Prop_bufg_I_O)         0.026     0.884 r  clk_IBUF_BUFG_inst/O
                         net (fo=114, routed)         0.583     1.466    db_load_a/CLK
    SLICE_X5Y21          FDRE                                         r  db_load_a/counter_reg[7]/C
  -------------------------------------------------------------------    -------------------
    SLICE_X5Y21          FDRE (Prop_fdre_C_Q)         0.141     1.607 r  db_load_a/counter_reg[7]/Q
                         net (fo=2, routed)           0.117     1.724    db_load_a/counter_reg[7]
    SLICE_X5Y21          CARRY4 (Prop_carry4_S[3]_O[3])
                                                      0.108     1.832 r  db_load_a/counter_reg[4]_i_1__0/O[3]
                         net (fo=1, routed)           0.000     1.832    db_load_a/counter_reg[4]_i_1__0_n_4
    SLICE_X5Y21          FDRE                                         r  db_load_a/counter_reg[7]/D
  -------------------------------------------------------------------    -------------------

                         (clock sys_clk_pin rise edge)
                                                      0.000     0.000 r  
    W5                                                0.000     0.000 r  clk (IN)
                         net (fo=0)                   0.000     0.000    clk
    W5                   IBUF (Prop_ibuf_I_O)         0.414     0.414 r  clk_IBUF_inst/O
                         net (fo=1, routed)           0.685     1.099    clk_IBUF
    BUFGCTRL_X0Y0        BUFG (Prop_bufg_I_O)         0.029     1.128 r  clk_IBUF_BUFG_inst/O
                         net (fo=114, routed)         0.852     1.979    db_load_a/CLK
    SLICE_X5Y21          FDRE                                         r  db_load_a/counter_reg[7]/C
                         clock pessimism             -0.513     1.466    
    SLICE_X5Y21          FDRE (Hold_fdre_C_D)         0.105     1.571    db_load_a/counter_reg[7]
  -------------------------------------------------------------------
                         required time                         -1.571    
                         arrival time                           1.832    
  -------------------------------------------------------------------
                         slack                                  0.261    

Slack (MET) :             0.261ns  (arrival time - required time)
  Source:                 db_load_b/counter_reg[3]/C
                            (rising edge-triggered cell FDRE clocked by sys_clk_pin  {rise@0.000ns fall@5.000ns period=10.000ns})
  Destination:            db_load_b/counter_reg[3]/D
                            (rising edge-triggered cell FDRE clocked by sys_clk_pin  {rise@0.000ns fall@5.000ns period=10.000ns})
  Path Group:             sys_clk_pin
  Path Type:              Hold (Min at Fast Process Corner)
  Requirement:            0.000ns  (sys_clk_pin rise@0.000ns - sys_clk_pin rise@0.000ns)
  Data Path Delay:        0.366ns  (logic 0.249ns (67.994%)  route 0.117ns (32.006%))
  Logic Levels:           1  (CARRY4=1)
  Clock Path Skew:        0.000ns (DCD - SCD - CPR)
    Destination Clock Delay (DCD):    1.981ns
    Source Clock Delay      (SCD):    1.468ns
    Clock Pessimism Removal (CPR):    0.513ns

    Location             Delay type                Incr(ns)  Path(ns)    Netlist Resource(s)
  -------------------------------------------------------------------    -------------------
                         (clock sys_clk_pin rise edge)
                                                      0.000     0.000 r  
    W5                                                0.000     0.000 r  clk (IN)
                         net (fo=0)                   0.000     0.000    clk
    W5                   IBUF (Prop_ibuf_I_O)         0.226     0.226 r  clk_IBUF_inst/O
                         net (fo=1, routed)           0.631     0.858    clk_IBUF
    BUFGCTRL_X0Y0        BUFG (Prop_bufg_I_O)         0.026     0.884 r  clk_IBUF_BUFG_inst/O
                         net (fo=114, routed)         0.585     1.468    db_load_b/CLK
    SLICE_X3Y21          FDRE                                         r  db_load_b/counter_reg[3]/C
  -------------------------------------------------------------------    -------------------
    SLICE_X3Y21          FDRE (Prop_fdre_C_Q)         0.141     1.609 r  db_load_b/counter_reg[3]/Q
                         net (fo=2, routed)           0.117     1.726    db_load_b/counter_reg[3]
    SLICE_X3Y21          CARRY4 (Prop_carry4_S[3]_O[3])
                                                      0.108     1.834 r  db_load_b/counter_reg[0]_i_2__1/O[3]
                         net (fo=1, routed)           0.000     1.834    db_load_b/counter_reg[0]_i_2__1_n_4
    SLICE_X3Y21          FDRE                                         r  db_load_b/counter_reg[3]/D
  -------------------------------------------------------------------    -------------------

                         (clock sys_clk_pin rise edge)
                                                      0.000     0.000 r  
    W5                                                0.000     0.000 r  clk (IN)
                         net (fo=0)                   0.000     0.000    clk
    W5                   IBUF (Prop_ibuf_I_O)         0.414     0.414 r  clk_IBUF_inst/O
                         net (fo=1, routed)           0.685     1.099    clk_IBUF
    BUFGCTRL_X0Y0        BUFG (Prop_bufg_I_O)         0.029     1.128 r  clk_IBUF_BUFG_inst/O
                         net (fo=114, routed)         0.854     1.981    db_load_b/CLK
    SLICE_X3Y21          FDRE                                         r  db_load_b/counter_reg[3]/C
                         clock pessimism             -0.513     1.468    
    SLICE_X3Y21          FDRE (Hold_fdre_C_D)         0.105     1.573    db_load_b/counter_reg[3]
  -------------------------------------------------------------------
                         required time                         -1.573    
                         arrival time                           1.834    
  -------------------------------------------------------------------
                         slack                                  0.261    

Slack (MET) :             0.261ns  (arrival time - required time)
  Source:                 db_load_b/counter_reg[7]/C
                            (rising edge-triggered cell FDRE clocked by sys_clk_pin  {rise@0.000ns fall@5.000ns period=10.000ns})
  Destination:            db_load_b/counter_reg[7]/D
                            (rising edge-triggered cell FDRE clocked by sys_clk_pin  {rise@0.000ns fall@5.000ns period=10.000ns})
  Path Group:             sys_clk_pin
  Path Type:              Hold (Min at Fast Process Corner)
  Requirement:            0.000ns  (sys_clk_pin rise@0.000ns - sys_clk_pin rise@0.000ns)
  Data Path Delay:        0.366ns  (logic 0.249ns (67.994%)  route 0.117ns (32.006%))
  Logic Levels:           1  (CARRY4=1)
  Clock Path Skew:        0.000ns (DCD - SCD - CPR)
    Destination Clock Delay (DCD):    1.980ns
    Source Clock Delay      (SCD):    1.468ns
    Clock Pessimism Removal (CPR):    0.512ns

    Location             Delay type                Incr(ns)  Path(ns)    Netlist Resource(s)
  -------------------------------------------------------------------    -------------------
                         (clock sys_clk_pin rise edge)
                                                      0.000     0.000 r  
    W5                                                0.000     0.000 r  clk (IN)
                         net (fo=0)                   0.000     0.000    clk
    W5                   IBUF (Prop_ibuf_I_O)         0.226     0.226 r  clk_IBUF_inst/O
                         net (fo=1, routed)           0.631     0.858    clk_IBUF
    BUFGCTRL_X0Y0        BUFG (Prop_bufg_I_O)         0.026     0.884 r  clk_IBUF_BUFG_inst/O
                         net (fo=114, routed)         0.585     1.468    db_load_b/CLK
    SLICE_X3Y22          FDRE                                         r  db_load_b/counter_reg[7]/C
  -------------------------------------------------------------------    -------------------
    SLICE_X3Y22          FDRE (Prop_fdre_C_Q)         0.141     1.609 r  db_load_b/counter_reg[7]/Q
                         net (fo=2, routed)           0.117     1.726    db_load_b/counter_reg[7]
    SLICE_X3Y22          CARRY4 (Prop_carry4_S[3]_O[3])
                                                      0.108     1.834 r  db_load_b/counter_reg[4]_i_1__1/O[3]
                         net (fo=1, routed)           0.000     1.834    db_load_b/counter_reg[4]_i_1__1_n_4
    SLICE_X3Y22          FDRE                                         r  db_load_b/counter_reg[7]/D
  -------------------------------------------------------------------    -------------------

                         (clock sys_clk_pin rise edge)
                                                      0.000     0.000 r  
    W5                                                0.000     0.000 r  clk (IN)
                         net (fo=0)                   0.000     0.000    clk
    W5                   IBUF (Prop_ibuf_I_O)         0.414     0.414 r  clk_IBUF_inst/O
                         net (fo=1, routed)           0.685     1.099    clk_IBUF
    BUFGCTRL_X0Y0        BUFG (Prop_bufg_I_O)         0.029     1.128 r  clk_IBUF_BUFG_inst/O
                         net (fo=114, routed)         0.853     1.980    db_load_b/CLK
    SLICE_X3Y22          FDRE                                         r  db_load_b/counter_reg[7]/C
                         clock pessimism             -0.512     1.468    
    SLICE_X3Y22          FDRE (Hold_fdre_C_D)         0.105     1.573    db_load_b/counter_reg[7]
  -------------------------------------------------------------------
                         required time                         -1.573    
                         arrival time                           1.834    
  -------------------------------------------------------------------
                         slack                                  0.261    

Slack (MET) :             0.261ns  (arrival time - required time)
  Source:                 db_load_op/counter_reg[3]/C
                            (rising edge-triggered cell FDRE clocked by sys_clk_pin  {rise@0.000ns fall@5.000ns period=10.000ns})
  Destination:            db_load_op/counter_reg[3]/D
                            (rising edge-triggered cell FDRE clocked by sys_clk_pin  {rise@0.000ns fall@5.000ns period=10.000ns})
  Path Group:             sys_clk_pin
  Path Type:              Hold (Min at Fast Process Corner)
  Requirement:            0.000ns  (sys_clk_pin rise@0.000ns - sys_clk_pin rise@0.000ns)
  Data Path Delay:        0.366ns  (logic 0.249ns (67.994%)  route 0.117ns (32.006%))
  Logic Levels:           1  (CARRY4=1)
  Clock Path Skew:        0.000ns (DCD - SCD - CPR)
    Destination Clock Delay (DCD):    1.983ns
    Source Clock Delay      (SCD):    1.470ns
    Clock Pessimism Removal (CPR):    0.513ns

    Location             Delay type                Incr(ns)  Path(ns)    Netlist Resource(s)
  -------------------------------------------------------------------    -------------------
                         (clock sys_clk_pin rise edge)
                                                      0.000     0.000 r  
    W5                                                0.000     0.000 r  clk (IN)
                         net (fo=0)                   0.000     0.000    clk
    W5                   IBUF (Prop_ibuf_I_O)         0.226     0.226 r  clk_IBUF_inst/O
                         net (fo=1, routed)           0.631     0.858    clk_IBUF
    BUFGCTRL_X0Y0        BUFG (Prop_bufg_I_O)         0.026     0.884 r  clk_IBUF_BUFG_inst/O
                         net (fo=114, routed)         0.587     1.470    db_load_op/CLK
    SLICE_X1Y19          FDRE                                         r  db_load_op/counter_reg[3]/C
  -------------------------------------------------------------------    -------------------
    SLICE_X1Y19          FDRE (Prop_fdre_C_Q)         0.141     1.611 r  db_load_op/counter_reg[3]/Q
                         net (fo=2, routed)           0.117     1.728    db_load_op/counter_reg[3]
    SLICE_X1Y19          CARRY4 (Prop_carry4_S[3]_O[3])
                                                      0.108     1.836 r  db_load_op/counter_reg[0]_i_2__2/O[3]
                         net (fo=1, routed)           0.000     1.836    db_load_op/counter_reg[0]_i_2__2_n_4
    SLICE_X1Y19          FDRE                                         r  db_load_op/counter_reg[3]/D
  -------------------------------------------------------------------    -------------------

                         (clock sys_clk_pin rise edge)
                                                      0.000     0.000 r  
    W5                                                0.000     0.000 r  clk (IN)
                         net (fo=0)                   0.000     0.000    clk
    W5                   IBUF (Prop_ibuf_I_O)         0.414     0.414 r  clk_IBUF_inst/O
                         net (fo=1, routed)           0.685     1.099    clk_IBUF
    BUFGCTRL_X0Y0        BUFG (Prop_bufg_I_O)         0.029     1.128 r  clk_IBUF_BUFG_inst/O
                         net (fo=114, routed)         0.856     1.983    db_load_op/CLK
    SLICE_X1Y19          FDRE                                         r  db_load_op/counter_reg[3]/C
                         clock pessimism             -0.513     1.470    
    SLICE_X1Y19          FDRE (Hold_fdre_C_D)         0.105     1.575    db_load_op/counter_reg[3]
  -------------------------------------------------------------------
                         required time                         -1.575    
                         arrival time                           1.836    
  -------------------------------------------------------------------
                         slack                                  0.261    

Slack (MET) :             0.261ns  (arrival time - required time)
  Source:                 db_load_a/counter_reg[3]/C
                            (rising edge-triggered cell FDRE clocked by sys_clk_pin  {rise@0.000ns fall@5.000ns period=10.000ns})
  Destination:            db_load_a/counter_reg[3]/D
                            (rising edge-triggered cell FDRE clocked by sys_clk_pin  {rise@0.000ns fall@5.000ns period=10.000ns})
  Path Group:             sys_clk_pin
  Path Type:              Hold (Min at Fast Process Corner)
  Requirement:            0.000ns  (sys_clk_pin rise@0.000ns - sys_clk_pin rise@0.000ns)
  Data Path Delay:        0.366ns  (logic 0.249ns (67.994%)  route 0.117ns (32.006%))
  Logic Levels:           1  (CARRY4=1)
  Clock Path Skew:        0.000ns (DCD - SCD - CPR)
    Destination Clock Delay (DCD):    1.980ns
    Source Clock Delay      (SCD):    1.467ns
    Clock Pessimism Removal (CPR):    0.513ns

    Location             Delay type                Incr(ns)  Path(ns)    Netlist Resource(s)
  -------------------------------------------------------------------    -------------------
                         (clock sys_clk_pin rise edge)
                                                      0.000     0.000 r  
    W5                                                0.000     0.000 r  clk (IN)
                         net (fo=0)                   0.000     0.000    clk
    W5                   IBUF (Prop_ibuf_I_O)         0.226     0.226 r  clk_IBUF_inst/O
                         net (fo=1, routed)           0.631     0.858    clk_IBUF
    BUFGCTRL_X0Y0        BUFG (Prop_bufg_I_O)         0.026     0.884 r  clk_IBUF_BUFG_inst/O
                         net (fo=114, routed)         0.584     1.467    db_load_a/CLK
    SLICE_X5Y20          FDRE                                         r  db_load_a/counter_reg[3]/C
  -------------------------------------------------------------------    -------------------
    SLICE_X5Y20          FDRE (Prop_fdre_C_Q)         0.141     1.608 r  db_load_a/counter_reg[3]/Q
                         net (fo=2, routed)           0.117     1.725    db_load_a/counter_reg[3]
    SLICE_X5Y20          CARRY4 (Prop_carry4_S[3]_O[3])
                                                      0.108     1.833 r  db_load_a/counter_reg[0]_i_2__0/O[3]
                         net (fo=1, routed)           0.000     1.833    db_load_a/counter_reg[0]_i_2__0_n_4
    SLICE_X5Y20          FDRE                                         r  db_load_a/counter_reg[3]/D
  -------------------------------------------------------------------    -------------------

                         (clock sys_clk_pin rise edge)
                                                      0.000     0.000 r  
    W5                                                0.000     0.000 r  clk (IN)
                         net (fo=0)                   0.000     0.000    clk
    W5                   IBUF (Prop_ibuf_I_O)         0.414     0.414 r  clk_IBUF_inst/O
                         net (fo=1, routed)           0.685     1.099    clk_IBUF
    BUFGCTRL_X0Y0        BUFG (Prop_bufg_I_O)         0.029     1.128 r  clk_IBUF_BUFG_inst/O
                         net (fo=114, routed)         0.853     1.980    db_load_a/CLK
    SLICE_X5Y20          FDRE                                         r  db_load_a/counter_reg[3]/C
                         clock pessimism             -0.513     1.467    
    SLICE_X5Y20          FDRE (Hold_fdre_C_D)         0.105     1.572    db_load_a/counter_reg[3]
  -------------------------------------------------------------------
                         required time                         -1.572    
                         arrival time                           1.833    
  -------------------------------------------------------------------
                         slack                                  0.261    

Slack (MET) :             0.261ns  (arrival time - required time)
  Source:                 db_load_op/counter_reg[7]/C
                            (rising edge-triggered cell FDRE clocked by sys_clk_pin  {rise@0.000ns fall@5.000ns period=10.000ns})
  Destination:            db_load_op/counter_reg[7]/D
                            (rising edge-triggered cell FDRE clocked by sys_clk_pin  {rise@0.000ns fall@5.000ns period=10.000ns})
  Path Group:             sys_clk_pin
  Path Type:              Hold (Min at Fast Process Corner)
  Requirement:            0.000ns  (sys_clk_pin rise@0.000ns - sys_clk_pin rise@0.000ns)
  Data Path Delay:        0.366ns  (logic 0.249ns (67.994%)  route 0.117ns (32.006%))
  Logic Levels:           1  (CARRY4=1)
  Clock Path Skew:        0.000ns (DCD - SCD - CPR)
    Destination Clock Delay (DCD):    1.982ns
    Source Clock Delay      (SCD):    1.469ns
    Clock Pessimism Removal (CPR):    0.513ns

    Location             Delay type                Incr(ns)  Path(ns)    Netlist Resource(s)
  -------------------------------------------------------------------    -------------------
                         (clock sys_clk_pin rise edge)
                                                      0.000     0.000 r  
    W5                                                0.000     0.000 r  clk (IN)
                         net (fo=0)                   0.000     0.000    clk
    W5                   IBUF (Prop_ibuf_I_O)         0.226     0.226 r  clk_IBUF_inst/O
                         net (fo=1, routed)           0.631     0.858    clk_IBUF
    BUFGCTRL_X0Y0        BUFG (Prop_bufg_I_O)         0.026     0.884 r  clk_IBUF_BUFG_inst/O
                         net (fo=114, routed)         0.586     1.469    db_load_op/CLK
    SLICE_X1Y20          FDRE                                         r  db_load_op/counter_reg[7]/C
  -------------------------------------------------------------------    -------------------
    SLICE_X1Y20          FDRE (Prop_fdre_C_Q)         0.141     1.610 r  db_load_op/counter_reg[7]/Q
                         net (fo=2, routed)           0.117     1.727    db_load_op/counter_reg[7]
    SLICE_X1Y20          CARRY4 (Prop_carry4_S[3]_O[3])
                                                      0.108     1.835 r  db_load_op/counter_reg[4]_i_1__2/O[3]
                         net (fo=1, routed)           0.000     1.835    db_load_op/counter_reg[4]_i_1__2_n_4
    SLICE_X1Y20          FDRE                                         r  db_load_op/counter_reg[7]/D
  -------------------------------------------------------------------    -------------------

                         (clock sys_clk_pin rise edge)
                                                      0.000     0.000 r  
    W5                                                0.000     0.000 r  clk (IN)
                         net (fo=0)                   0.000     0.000    clk
    W5                   IBUF (Prop_ibuf_I_O)         0.414     0.414 r  clk_IBUF_inst/O
                         net (fo=1, routed)           0.685     1.099    clk_IBUF
    BUFGCTRL_X0Y0        BUFG (Prop_bufg_I_O)         0.029     1.128 r  clk_IBUF_BUFG_inst/O
                         net (fo=114, routed)         0.855     1.982    db_load_op/CLK
    SLICE_X1Y20          FDRE                                         r  db_load_op/counter_reg[7]/C
                         clock pessimism             -0.513     1.469    
    SLICE_X1Y20          FDRE (Hold_fdre_C_D)         0.105     1.574    db_load_op/counter_reg[7]
  -------------------------------------------------------------------
                         required time                         -1.574    
                         arrival time                           1.835    
  -------------------------------------------------------------------
                         slack                                  0.261    





Pulse Width Checks
--------------------------------------------------------------------------------------
Clock Name:         sys_clk_pin
Waveform(ns):       { 0.000 5.000 }
Period(ns):         10.000
Sources:            { clk }

Check Type        Corner  Lib Pin  Reference Pin  Required(ns)  Actual(ns)  Slack(ns)  Location       Pin
Min Period        n/a     BUFG/I   n/a            2.155         10.000      7.845      BUFGCTRL_X0Y0  clk_IBUF_BUFG_inst/I
Min Period        n/a     FDRE/C   n/a            1.000         10.000      9.000      SLICE_X2Y25    regA_reg[0]/C
Min Period        n/a     FDRE/C   n/a            1.000         10.000      9.000      SLICE_X3Y26    regA_reg[1]/C
Min Period        n/a     FDRE/C   n/a            1.000         10.000      9.000      SLICE_X1Y26    regA_reg[2]/C
Min Period        n/a     FDRE/C   n/a            1.000         10.000      9.000      SLICE_X1Y26    regA_reg[3]/C
Min Period        n/a     FDRE/C   n/a            1.000         10.000      9.000      SLICE_X2Y23    regA_reg[4]/C
Min Period        n/a     FDRE/C   n/a            1.000         10.000      9.000      SLICE_X2Y25    regA_reg[5]/C
Min Period        n/a     FDRE/C   n/a            1.000         10.000      9.000      SLICE_X2Y25    regA_reg[6]/C
Min Period        n/a     FDRE/C   n/a            1.000         10.000      9.000      SLICE_X1Y26    regA_reg[7]/C
Min Period        n/a     FDRE/C   n/a            1.000         10.000      9.000      SLICE_X2Y24    regB_reg[0]/C
Low Pulse Width   Slow    FDRE/C   n/a            0.500         5.000       4.500      SLICE_X2Y25    regA_reg[0]/C
Low Pulse Width   Fast    FDRE/C   n/a            0.500         5.000       4.500      SLICE_X2Y25    regA_reg[0]/C
Low Pulse Width   Slow    FDRE/C   n/a            0.500         5.000       4.500      SLICE_X3Y26    regA_reg[1]/C
Low Pulse Width   Fast    FDRE/C   n/a            0.500         5.000       4.500      SLICE_X3Y26    regA_reg[1]/C
Low Pulse Width   Slow    FDRE/C   n/a            0.500         5.000       4.500      SLICE_X1Y26    regA_reg[2]/C
Low Pulse Width   Fast    FDRE/C   n/a            0.500         5.000       4.500      SLICE_X1Y26    regA_reg[2]/C
Low Pulse Width   Slow    FDRE/C   n/a            0.500         5.000       4.500      SLICE_X1Y26    regA_reg[3]/C
Low Pulse Width   Fast    FDRE/C   n/a            0.500         5.000       4.500      SLICE_X1Y26    regA_reg[3]/C
Low Pulse Width   Slow    FDRE/C   n/a            0.500         5.000       4.500      SLICE_X2Y23    regA_reg[4]/C
Low Pulse Width   Fast    FDRE/C   n/a            0.500         5.000       4.500      SLICE_X2Y23    regA_reg[4]/C
High Pulse Width  Slow    FDRE/C   n/a            0.500         5.000       4.500      SLICE_X2Y25    regA_reg[0]/C
High Pulse Width  Fast    FDRE/C   n/a            0.500         5.000       4.500      SLICE_X2Y25    regA_reg[0]/C
High Pulse Width  Slow    FDRE/C   n/a            0.500         5.000       4.500      SLICE_X3Y26    regA_reg[1]/C
High Pulse Width  Fast    FDRE/C   n/a            0.500         5.000       4.500      SLICE_X3Y26    regA_reg[1]/C
High Pulse Width  Slow    FDRE/C   n/a            0.500         5.000       4.500      SLICE_X1Y26    regA_reg[2]/C
High Pulse Width  Fast    FDRE/C   n/a            0.500         5.000       4.500      SLICE_X1Y26    regA_reg[2]/C
High Pulse Width  Slow    FDRE/C   n/a            0.500         5.000       4.500      SLICE_X1Y26    regA_reg[3]/C
High Pulse Width  Fast    FDRE/C   n/a            0.500         5.000       4.500      SLICE_X1Y26    regA_reg[3]/C
High Pulse Width  Slow    FDRE/C   n/a            0.500         5.000       4.500      SLICE_X2Y23    regA_reg[4]/C
High Pulse Width  Fast    FDRE/C   n/a            0.500         5.000       4.500      SLICE_X2Y23    regA_reg[4]/C



--------------------------------------------------------------------------------------
Path Group:  (none)
From Clock:  sys_clk_pin
  To Clock:  

Max Delay             9 Endpoints
Min Delay             9 Endpoints
--------------------------------------------------------------------------------------


Max Delay Paths
--------------------------------------------------------------------------------------
Slack:                    inf
  Source:                 regA_reg[2]/C
                            (rising edge-triggered cell FDRE clocked by sys_clk_pin  {rise@0.000ns fall@5.000ns period=10.000ns})
  Destination:            led_zero
                            (output port)
  Path Group:             (none)
  Path Type:              Max at Slow Process Corner
  Data Path Delay:        12.701ns  (logic 5.473ns (43.093%)  route 7.228ns (56.907%))
  Logic Levels:           8  (CARRY4=2 LUT2=1 LUT3=1 LUT5=1 LUT6=2 OBUF=1)
  Clock Uncertainty:      0.025ns  ((TSJ^2 + TIJ^2)^1/2 + DJ) / 2 + PE
    Total System Jitter     (TSJ):    0.050ns
    Total Input Jitter      (TIJ):    0.000ns
    Discrete Jitter          (DJ):    0.000ns
    Phase Error              (PE):    0.000ns

    Location             Delay type                Incr(ns)  Path(ns)    Netlist Resource(s)
  -------------------------------------------------------------------    -------------------
                         (clock sys_clk_pin rise edge)
                                                      0.000     0.000 r  
    W5                                                0.000     0.000 r  clk (IN)
                         net (fo=0)                   0.000     0.000    clk
    W5                   IBUF (Prop_ibuf_I_O)         1.458     1.458 r  clk_IBUF_inst/O
                         net (fo=1, routed)           1.967     3.425    clk_IBUF
    BUFGCTRL_X0Y0        BUFG (Prop_bufg_I_O)         0.096     3.521 r  clk_IBUF_BUFG_inst/O
                         net (fo=114, routed)         1.620     5.141    clk_IBUF_BUFG
    SLICE_X1Y26          FDRE                                         r  regA_reg[2]/C
  -------------------------------------------------------------------    -------------------
    SLICE_X1Y26          FDRE (Prop_fdre_C_Q)         0.456     5.597 r  regA_reg[2]/Q
                         net (fo=8, routed)           1.681     7.278    ALU_INST/led_OBUF[3]_inst_i_5_0[2]
    SLICE_X5Y25          LUT2 (Prop_lut2_I1_O)        0.124     7.402 r  ALU_INST/i__carry_i_2/O
                         net (fo=1, routed)           0.000     7.402    ALU_INST/i__carry_i_2_n_0
    SLICE_X5Y25          CARRY4 (Prop_carry4_S[2]_CO[3])
                                                      0.398     7.800 r  ALU_INST/Result0_inferred__0/i__carry/CO[3]
                         net (fo=1, routed)           0.000     7.800    ALU_INST/Result0_inferred__0/i__carry_n_0
    SLICE_X5Y26          CARRY4 (Prop_carry4_CI_O[3])
                                                      0.313     8.113 f  ALU_INST/Result0_inferred__0/i__carry__0/O[3]
                         net (fo=1, routed)           0.808     8.921    ALU_INST/data1[7]
    SLICE_X3Y26          LUT6 (Prop_lut6_I0_O)        0.306     9.227 f  ALU_INST/led_OBUF[7]_inst_i_4/O
                         net (fo=1, routed)           0.433     9.660    ALU_INST/led_OBUF[7]_inst_i_4_n_0
    SLICE_X3Y26          LUT5 (Prop_lut5_I2_O)        0.124     9.784 f  ALU_INST/led_OBUF[7]_inst_i_1/O
                         net (fo=2, routed)           1.359    11.143    ALU_INST/led_OBUF[7]
    SLICE_X0Y19          LUT6 (Prop_lut6_I3_O)        0.124    11.267 r  ALU_INST/led_zero_OBUF_inst_i_2/O
                         net (fo=1, routed)           0.669    11.936    ALU_INST/led_zero_OBUF_inst_i_2_n_0
    SLICE_X0Y19          LUT3 (Prop_lut3_I2_O)        0.124    12.060 r  ALU_INST/led_zero_OBUF_inst_i_1/O
                         net (fo=1, routed)           2.278    14.338    led_zero_OBUF
    V13                  OBUF (Prop_obuf_I_O)         3.504    17.842 r  led_zero_OBUF_inst/O
                         net (fo=0)                   0.000    17.842    led_zero
    V13                                                               r  led_zero (OUT)
  -------------------------------------------------------------------    -------------------

Slack:                    inf
  Source:                 regA_reg[2]/C
                            (rising edge-triggered cell FDRE clocked by sys_clk_pin  {rise@0.000ns fall@5.000ns period=10.000ns})
  Destination:            led[7]
                            (output port)
  Path Group:             (none)
  Path Type:              Max at Slow Process Corner
  Data Path Delay:        11.094ns  (logic 5.222ns (47.066%)  route 5.873ns (52.934%))
  Logic Levels:           6  (CARRY4=2 LUT2=1 LUT5=1 LUT6=1 OBUF=1)
  Clock Uncertainty:      0.025ns  ((TSJ^2 + TIJ^2)^1/2 + DJ) / 2 + PE
    Total System Jitter     (TSJ):    0.050ns
    Total Input Jitter      (TIJ):    0.000ns
    Discrete Jitter          (DJ):    0.000ns
    Phase Error              (PE):    0.000ns

    Location             Delay type                Incr(ns)  Path(ns)    Netlist Resource(s)
  -------------------------------------------------------------------    -------------------
                         (clock sys_clk_pin rise edge)
                                                      0.000     0.000 r  
    W5                                                0.000     0.000 r  clk (IN)
                         net (fo=0)                   0.000     0.000    clk
    W5                   IBUF (Prop_ibuf_I_O)         1.458     1.458 r  clk_IBUF_inst/O
                         net (fo=1, routed)           1.967     3.425    clk_IBUF
    BUFGCTRL_X0Y0        BUFG (Prop_bufg_I_O)         0.096     3.521 r  clk_IBUF_BUFG_inst/O
                         net (fo=114, routed)         1.620     5.141    clk_IBUF_BUFG
    SLICE_X1Y26          FDRE                                         r  regA_reg[2]/C
  -------------------------------------------------------------------    -------------------
    SLICE_X1Y26          FDRE (Prop_fdre_C_Q)         0.456     5.597 r  regA_reg[2]/Q
                         net (fo=8, routed)           1.681     7.278    ALU_INST/led_OBUF[3]_inst_i_5_0[2]
    SLICE_X5Y25          LUT2 (Prop_lut2_I1_O)        0.124     7.402 r  ALU_INST/i__carry_i_2/O
                         net (fo=1, routed)           0.000     7.402    ALU_INST/i__carry_i_2_n_0
    SLICE_X5Y25          CARRY4 (Prop_carry4_S[2]_CO[3])
                                                      0.398     7.800 r  ALU_INST/Result0_inferred__0/i__carry/CO[3]
                         net (fo=1, routed)           0.000     7.800    ALU_INST/Result0_inferred__0/i__carry_n_0
    SLICE_X5Y26          CARRY4 (Prop_carry4_CI_O[3])
                                                      0.313     8.113 r  ALU_INST/Result0_inferred__0/i__carry__0/O[3]
                         net (fo=1, routed)           0.808     8.921    ALU_INST/data1[7]
    SLICE_X3Y26          LUT6 (Prop_lut6_I0_O)        0.306     9.227 r  ALU_INST/led_OBUF[7]_inst_i_4/O
                         net (fo=1, routed)           0.433     9.660    ALU_INST/led_OBUF[7]_inst_i_4_n_0
    SLICE_X3Y26          LUT5 (Prop_lut5_I2_O)        0.124     9.784 r  ALU_INST/led_OBUF[7]_inst_i_1/O
                         net (fo=2, routed)           2.951    12.735    led_OBUF[7]
    V14                  OBUF (Prop_obuf_I_O)         3.501    16.236 r  led_OBUF[7]_inst/O
                         net (fo=0)                   0.000    16.236    led[7]
    V14                                                               r  led[7] (OUT)
  -------------------------------------------------------------------    -------------------

Slack:                    inf
  Source:                 regA_reg[2]/C
                            (rising edge-triggered cell FDRE clocked by sys_clk_pin  {rise@0.000ns fall@5.000ns period=10.000ns})
  Destination:            led[6]
                            (output port)
  Path Group:             (none)
  Path Type:              Max at Slow Process Corner
  Data Path Delay:        10.806ns  (logic 5.149ns (47.653%)  route 5.656ns (52.347%))
  Logic Levels:           6  (CARRY4=2 LUT2=1 LUT5=1 LUT6=1 OBUF=1)
  Clock Uncertainty:      0.025ns  ((TSJ^2 + TIJ^2)^1/2 + DJ) / 2 + PE
    Total System Jitter     (TSJ):    0.050ns
    Total Input Jitter      (TIJ):    0.000ns
    Discrete Jitter          (DJ):    0.000ns
    Phase Error              (PE):    0.000ns

    Location             Delay type                Incr(ns)  Path(ns)    Netlist Resource(s)
  -------------------------------------------------------------------    -------------------
                         (clock sys_clk_pin rise edge)
                                                      0.000     0.000 r  
    W5                                                0.000     0.000 r  clk (IN)
                         net (fo=0)                   0.000     0.000    clk
    W5                   IBUF (Prop_ibuf_I_O)         1.458     1.458 r  clk_IBUF_inst/O
                         net (fo=1, routed)           1.967     3.425    clk_IBUF
    BUFGCTRL_X0Y0        BUFG (Prop_bufg_I_O)         0.096     3.521 r  clk_IBUF_BUFG_inst/O
                         net (fo=114, routed)         1.620     5.141    clk_IBUF_BUFG
    SLICE_X1Y26          FDRE                                         r  regA_reg[2]/C
  -------------------------------------------------------------------    -------------------
    SLICE_X1Y26          FDRE (Prop_fdre_C_Q)         0.456     5.597 r  regA_reg[2]/Q
                         net (fo=8, routed)           1.681     7.278    ALU_INST/led_OBUF[3]_inst_i_5_0[2]
    SLICE_X5Y25          LUT2 (Prop_lut2_I1_O)        0.124     7.402 r  ALU_INST/i__carry_i_2/O
                         net (fo=1, routed)           0.000     7.402    ALU_INST/i__carry_i_2_n_0
    SLICE_X5Y25          CARRY4 (Prop_carry4_S[2]_CO[3])
                                                      0.398     7.800 r  ALU_INST/Result0_inferred__0/i__carry/CO[3]
                         net (fo=1, routed)           0.000     7.800    ALU_INST/Result0_inferred__0/i__carry_n_0
    SLICE_X5Y26          CARRY4 (Prop_carry4_CI_O[2])
                                                      0.239     8.039 r  ALU_INST/Result0_inferred__0/i__carry__0/O[2]
                         net (fo=1, routed)           0.425     8.464    ALU_INST/data1[6]
    SLICE_X4Y27          LUT6 (Prop_lut6_I5_O)        0.302     8.766 r  ALU_INST/led_OBUF[6]_inst_i_2/O
                         net (fo=1, routed)           0.832     9.599    ALU_INST/led_OBUF[6]_inst_i_2_n_0
    SLICE_X2Y26          LUT5 (Prop_lut5_I0_O)        0.124     9.723 r  ALU_INST/led_OBUF[6]_inst_i_1/O
                         net (fo=2, routed)           2.718    12.441    led_OBUF[6]
    U14                  OBUF (Prop_obuf_I_O)         3.506    15.947 r  led_OBUF[6]_inst/O
                         net (fo=0)                   0.000    15.947    led[6]
    U14                                                               r  led[6] (OUT)
  -------------------------------------------------------------------    -------------------

Slack:                    inf
  Source:                 regA_reg[2]/C
                            (rising edge-triggered cell FDRE clocked by sys_clk_pin  {rise@0.000ns fall@5.000ns period=10.000ns})
  Destination:            led[5]
                            (output port)
  Path Group:             (none)
  Path Type:              Max at Slow Process Corner
  Data Path Delay:        10.796ns  (logic 5.253ns (48.663%)  route 5.542ns (51.337%))
  Logic Levels:           6  (CARRY4=2 LUT2=1 LUT6=2 OBUF=1)
  Clock Uncertainty:      0.025ns  ((TSJ^2 + TIJ^2)^1/2 + DJ) / 2 + PE
    Total System Jitter     (TSJ):    0.050ns
    Total Input Jitter      (TIJ):    0.000ns
    Discrete Jitter          (DJ):    0.000ns
    Phase Error              (PE):    0.000ns

    Location             Delay type                Incr(ns)  Path(ns)    Netlist Resource(s)
  -------------------------------------------------------------------    -------------------
                         (clock sys_clk_pin rise edge)
                                                      0.000     0.000 r  
    W5                                                0.000     0.000 r  clk (IN)
                         net (fo=0)                   0.000     0.000    clk
    W5                   IBUF (Prop_ibuf_I_O)         1.458     1.458 r  clk_IBUF_inst/O
                         net (fo=1, routed)           1.967     3.425    clk_IBUF
    BUFGCTRL_X0Y0        BUFG (Prop_bufg_I_O)         0.096     3.521 r  clk_IBUF_BUFG_inst/O
                         net (fo=114, routed)         1.620     5.141    clk_IBUF_BUFG
    SLICE_X1Y26          FDRE                                         r  regA_reg[2]/C
  -------------------------------------------------------------------    -------------------
    SLICE_X1Y26          FDRE (Prop_fdre_C_Q)         0.456     5.597 r  regA_reg[2]/Q
                         net (fo=8, routed)           1.681     7.278    ALU_INST/led_OBUF[3]_inst_i_5_0[2]
    SLICE_X5Y25          LUT2 (Prop_lut2_I1_O)        0.124     7.402 r  ALU_INST/i__carry_i_2/O
                         net (fo=1, routed)           0.000     7.402    ALU_INST/i__carry_i_2_n_0
    SLICE_X5Y25          CARRY4 (Prop_carry4_S[2]_CO[3])
                                                      0.398     7.800 r  ALU_INST/Result0_inferred__0/i__carry/CO[3]
                         net (fo=1, routed)           0.000     7.800    ALU_INST/Result0_inferred__0/i__carry_n_0
    SLICE_X5Y26          CARRY4 (Prop_carry4_CI_O[1])
                                                      0.334     8.134 r  ALU_INST/Result0_inferred__0/i__carry__0/O[1]
                         net (fo=1, routed)           0.805     8.939    ALU_INST/data1[5]
    SLICE_X4Y26          LUT6 (Prop_lut6_I5_O)        0.303     9.242 r  ALU_INST/led_OBUF[5]_inst_i_2/O
                         net (fo=1, routed)           0.667     9.909    ALU_INST/led_OBUF[5]_inst_i_2_n_0
    SLICE_X2Y26          LUT6 (Prop_lut6_I0_O)        0.124    10.033 r  ALU_INST/led_OBUF[5]_inst_i_1/O
                         net (fo=2, routed)           2.389    12.422    led_OBUF[5]
    U15                  OBUF (Prop_obuf_I_O)         3.514    15.937 r  led_OBUF[5]_inst/O
                         net (fo=0)                   0.000    15.937    led[5]
    U15                                                               r  led[5] (OUT)
  -------------------------------------------------------------------    -------------------

Slack:                    inf
  Source:                 regA_reg[2]/C
                            (rising edge-triggered cell FDRE clocked by sys_clk_pin  {rise@0.000ns fall@5.000ns period=10.000ns})
  Destination:            led[2]
                            (output port)
  Path Group:             (none)
  Path Type:              Max at Slow Process Corner
  Data Path Delay:        10.594ns  (logic 4.681ns (44.183%)  route 5.913ns (55.817%))
  Logic Levels:           5  (LUT5=1 LUT6=3 OBUF=1)
  Clock Uncertainty:      0.025ns  ((TSJ^2 + TIJ^2)^1/2 + DJ) / 2 + PE
    Total System Jitter     (TSJ):    0.050ns
    Total Input Jitter      (TIJ):    0.000ns
    Discrete Jitter          (DJ):    0.000ns
    Phase Error              (PE):    0.000ns

    Location             Delay type                Incr(ns)  Path(ns)    Netlist Resource(s)
  -------------------------------------------------------------------    -------------------
                         (clock sys_clk_pin rise edge)
                                                      0.000     0.000 r  
    W5                                                0.000     0.000 r  clk (IN)
                         net (fo=0)                   0.000     0.000    clk
    W5                   IBUF (Prop_ibuf_I_O)         1.458     1.458 r  clk_IBUF_inst/O
                         net (fo=1, routed)           1.967     3.425    clk_IBUF
    BUFGCTRL_X0Y0        BUFG (Prop_bufg_I_O)         0.096     3.521 r  clk_IBUF_BUFG_inst/O
                         net (fo=114, routed)         1.620     5.141    clk_IBUF_BUFG
    SLICE_X1Y26          FDRE                                         r  regA_reg[2]/C
  -------------------------------------------------------------------    -------------------
    SLICE_X1Y26          FDRE (Prop_fdre_C_Q)         0.456     5.597 r  regA_reg[2]/Q
                         net (fo=8, routed)           1.662     7.259    ALU_INST/led_OBUF[3]_inst_i_5_0[2]
    SLICE_X4Y27          LUT5 (Prop_lut5_I4_O)        0.150     7.409 r  ALU_INST/led_OBUF[2]_inst_i_6/O
                         net (fo=1, routed)           0.808     8.217    ALU_INST/led_OBUF[2]_inst_i_6_n_0
    SLICE_X3Y27          LUT6 (Prop_lut6_I3_O)        0.326     8.543 r  ALU_INST/led_OBUF[2]_inst_i_5/O
                         net (fo=2, routed)           0.802     9.346    ALU_INST/led_OBUF[2]_inst_i_5_n_0
    SLICE_X0Y25          LUT6 (Prop_lut6_I4_O)        0.124     9.470 r  ALU_INST/led_OBUF[2]_inst_i_4/O
                         net (fo=1, routed)           0.613    10.082    ALU_INST/led_OBUF[2]_inst_i_4_n_0
    SLICE_X0Y24          LUT6 (Prop_lut6_I5_O)        0.124    10.206 r  ALU_INST/led_OBUF[2]_inst_i_1/O
                         net (fo=2, routed)           2.028    12.235    led_OBUF[2]
    U19                  OBUF (Prop_obuf_I_O)         3.501    15.736 r  led_OBUF[2]_inst/O
                         net (fo=0)                   0.000    15.736    led[2]
    U19                                                               r  led[2] (OUT)
  -------------------------------------------------------------------    -------------------

Slack:                    inf
  Source:                 regA_reg[2]/C
                            (rising edge-triggered cell FDRE clocked by sys_clk_pin  {rise@0.000ns fall@5.000ns period=10.000ns})
  Destination:            led[1]
                            (output port)
  Path Group:             (none)
  Path Type:              Max at Slow Process Corner
  Data Path Delay:        10.494ns  (logic 4.710ns (44.880%)  route 5.784ns (55.120%))
  Logic Levels:           5  (LUT5=2 LUT6=2 OBUF=1)
  Clock Uncertainty:      0.025ns  ((TSJ^2 + TIJ^2)^1/2 + DJ) / 2 + PE
    Total System Jitter     (TSJ):    0.050ns
    Total Input Jitter      (TIJ):    0.000ns
    Discrete Jitter          (DJ):    0.000ns
    Phase Error              (PE):    0.000ns

    Location             Delay type                Incr(ns)  Path(ns)    Netlist Resource(s)
  -------------------------------------------------------------------    -------------------
                         (clock sys_clk_pin rise edge)
                                                      0.000     0.000 r  
    W5                                                0.000     0.000 r  clk (IN)
                         net (fo=0)                   0.000     0.000    clk
    W5                   IBUF (Prop_ibuf_I_O)         1.458     1.458 r  clk_IBUF_inst/O
                         net (fo=1, routed)           1.967     3.425    clk_IBUF
    BUFGCTRL_X0Y0        BUFG (Prop_bufg_I_O)         0.096     3.521 r  clk_IBUF_BUFG_inst/O
                         net (fo=114, routed)         1.620     5.141    clk_IBUF_BUFG
    SLICE_X1Y26          FDRE                                         r  regA_reg[2]/C
  -------------------------------------------------------------------    -------------------
    SLICE_X1Y26          FDRE (Prop_fdre_C_Q)         0.456     5.597 r  regA_reg[2]/Q
                         net (fo=8, routed)           1.662     7.259    ALU_INST/led_OBUF[3]_inst_i_5_0[2]
    SLICE_X4Y27          LUT5 (Prop_lut5_I4_O)        0.150     7.409 r  ALU_INST/led_OBUF[2]_inst_i_6/O
                         net (fo=1, routed)           0.808     8.217    ALU_INST/led_OBUF[2]_inst_i_6_n_0
    SLICE_X3Y27          LUT6 (Prop_lut6_I3_O)        0.326     8.543 r  ALU_INST/led_OBUF[2]_inst_i_5/O
                         net (fo=2, routed)           0.561     9.105    ALU_INST/led_OBUF[2]_inst_i_5_n_0
    SLICE_X1Y25          LUT6 (Prop_lut6_I5_O)        0.124     9.229 r  ALU_INST/led_OBUF[1]_inst_i_4/O
                         net (fo=1, routed)           0.475     9.703    ALU_INST/led_OBUF[1]_inst_i_4_n_0
    SLICE_X1Y25          LUT5 (Prop_lut5_I3_O)        0.124     9.827 r  ALU_INST/led_OBUF[1]_inst_i_1/O
                         net (fo=2, routed)           2.278    12.106    led_OBUF[1]
    E19                  OBUF (Prop_obuf_I_O)         3.530    15.635 r  led_OBUF[1]_inst/O
                         net (fo=0)                   0.000    15.635    led[1]
    E19                                                               r  led[1] (OUT)
  -------------------------------------------------------------------    -------------------

Slack:                    inf
  Source:                 regA_reg[2]/C
                            (rising edge-triggered cell FDRE clocked by sys_clk_pin  {rise@0.000ns fall@5.000ns period=10.000ns})
  Destination:            led[4]
                            (output port)
  Path Group:             (none)
  Path Type:              Max at Slow Process Corner
  Data Path Delay:        10.349ns  (logic 5.132ns (49.584%)  route 5.218ns (50.416%))
  Logic Levels:           6  (CARRY4=2 LUT2=1 LUT6=2 OBUF=1)
  Clock Uncertainty:      0.025ns  ((TSJ^2 + TIJ^2)^1/2 + DJ) / 2 + PE
    Total System Jitter     (TSJ):    0.050ns
    Total Input Jitter      (TIJ):    0.000ns
    Discrete Jitter          (DJ):    0.000ns
    Phase Error              (PE):    0.000ns

    Location             Delay type                Incr(ns)  Path(ns)    Netlist Resource(s)
  -------------------------------------------------------------------    -------------------
                         (clock sys_clk_pin rise edge)
                                                      0.000     0.000 r  
    W5                                                0.000     0.000 r  clk (IN)
                         net (fo=0)                   0.000     0.000    clk
    W5                   IBUF (Prop_ibuf_I_O)         1.458     1.458 r  clk_IBUF_inst/O
                         net (fo=1, routed)           1.967     3.425    clk_IBUF
    BUFGCTRL_X0Y0        BUFG (Prop_bufg_I_O)         0.096     3.521 r  clk_IBUF_BUFG_inst/O
                         net (fo=114, routed)         1.620     5.141    clk_IBUF_BUFG
    SLICE_X1Y26          FDRE                                         r  regA_reg[2]/C
  -------------------------------------------------------------------    -------------------
    SLICE_X1Y26          FDRE (Prop_fdre_C_Q)         0.456     5.597 r  regA_reg[2]/Q
                         net (fo=8, routed)           1.681     7.278    ALU_INST/led_OBUF[3]_inst_i_5_0[2]
    SLICE_X5Y25          LUT2 (Prop_lut2_I1_O)        0.124     7.402 r  ALU_INST/i__carry_i_2/O
                         net (fo=1, routed)           0.000     7.402    ALU_INST/i__carry_i_2_n_0
    SLICE_X5Y25          CARRY4 (Prop_carry4_S[2]_CO[3])
                                                      0.398     7.800 r  ALU_INST/Result0_inferred__0/i__carry/CO[3]
                         net (fo=1, routed)           0.000     7.800    ALU_INST/Result0_inferred__0/i__carry_n_0
    SLICE_X5Y26          CARRY4 (Prop_carry4_CI_O[0])
                                                      0.222     8.022 r  ALU_INST/Result0_inferred__0/i__carry__0/O[0]
                         net (fo=1, routed)           0.825     8.847    ALU_INST/data1[4]
    SLICE_X3Y27          LUT6 (Prop_lut6_I5_O)        0.299     9.146 r  ALU_INST/led_OBUF[4]_inst_i_2/O
                         net (fo=1, routed)           0.653     9.799    ALU_INST/led_OBUF[4]_inst_i_2_n_0
    SLICE_X2Y27          LUT6 (Prop_lut6_I0_O)        0.124     9.923 r  ALU_INST/led_OBUF[4]_inst_i_1/O
                         net (fo=2, routed)           2.059    11.982    led_OBUF[4]
    W18                  OBUF (Prop_obuf_I_O)         3.509    15.491 r  led_OBUF[4]_inst/O
                         net (fo=0)                   0.000    15.491    led[4]
    W18                                                               r  led[4] (OUT)
  -------------------------------------------------------------------    -------------------

Slack:                    inf
  Source:                 regA_reg[4]/C
                            (rising edge-triggered cell FDRE clocked by sys_clk_pin  {rise@0.000ns fall@5.000ns period=10.000ns})
  Destination:            led[3]
                            (output port)
  Path Group:             (none)
  Path Type:              Max at Slow Process Corner
  Data Path Delay:        10.346ns  (logic 4.523ns (43.717%)  route 5.823ns (56.282%))
  Logic Levels:           5  (LUT4=1 LUT5=1 LUT6=2 OBUF=1)
  Clock Uncertainty:      0.025ns  ((TSJ^2 + TIJ^2)^1/2 + DJ) / 2 + PE
    Total System Jitter     (TSJ):    0.050ns
    Total Input Jitter      (TIJ):    0.000ns
    Discrete Jitter          (DJ):    0.000ns
    Phase Error              (PE):    0.000ns

    Location             Delay type                Incr(ns)  Path(ns)    Netlist Resource(s)
  -------------------------------------------------------------------    -------------------
                         (clock sys_clk_pin rise edge)
                                                      0.000     0.000 r  
    W5                                                0.000     0.000 r  clk (IN)
                         net (fo=0)                   0.000     0.000    clk
    W5                   IBUF (Prop_ibuf_I_O)         1.458     1.458 r  clk_IBUF_inst/O
                         net (fo=1, routed)           1.967     3.425    clk_IBUF
    BUFGCTRL_X0Y0        BUFG (Prop_bufg_I_O)         0.096     3.521 r  clk_IBUF_BUFG_inst/O
                         net (fo=114, routed)         1.620     5.141    clk_IBUF_BUFG
    SLICE_X2Y23          FDRE                                         r  regA_reg[4]/C
  -------------------------------------------------------------------    -------------------
    SLICE_X2Y23          FDRE (Prop_fdre_C_Q)         0.518     5.659 r  regA_reg[4]/Q
                         net (fo=9, routed)           1.564     7.223    ALU_INST/led_OBUF[3]_inst_i_5_0[4]
    SLICE_X4Y27          LUT4 (Prop_lut4_I0_O)        0.124     7.347 r  ALU_INST/led_OBUF[4]_inst_i_6/O
                         net (fo=1, routed)           0.670     8.018    ALU_INST/led_OBUF[4]_inst_i_6_n_0
    SLICE_X4Y27          LUT5 (Prop_lut5_I2_O)        0.124     8.142 r  ALU_INST/led_OBUF[4]_inst_i_5/O
                         net (fo=2, routed)           0.945     9.087    ALU_INST/led_OBUF[4]_inst_i_5_n_0
    SLICE_X0Y25          LUT6 (Prop_lut6_I4_O)        0.124     9.211 r  ALU_INST/led_OBUF[3]_inst_i_4/O
                         net (fo=1, routed)           0.601     9.812    ALU_INST/led_OBUF[3]_inst_i_4_n_0
    SLICE_X0Y24          LUT6 (Prop_lut6_I5_O)        0.124     9.936 r  ALU_INST/led_OBUF[3]_inst_i_1/O
                         net (fo=2, routed)           2.042    11.978    led_OBUF[3]
    V19                  OBUF (Prop_obuf_I_O)         3.509    15.487 r  led_OBUF[3]_inst/O
                         net (fo=0)                   0.000    15.487    led[3]
    V19                                                               r  led[3] (OUT)
  -------------------------------------------------------------------    -------------------

Slack:                    inf
  Source:                 regB_reg[2]/C
                            (rising edge-triggered cell FDRE clocked by sys_clk_pin  {rise@0.000ns fall@5.000ns period=10.000ns})
  Destination:            led[0]
                            (output port)
  Path Group:             (none)
  Path Type:              Max at Slow Process Corner
  Data Path Delay:        10.285ns  (logic 4.519ns (43.935%)  route 5.766ns (56.065%))
  Logic Levels:           5  (LUT3=1 LUT6=3 OBUF=1)
  Clock Uncertainty:      0.025ns  ((TSJ^2 + TIJ^2)^1/2 + DJ) / 2 + PE
    Total System Jitter     (TSJ):    0.050ns
    Total Input Jitter      (TIJ):    0.000ns
    Discrete Jitter          (DJ):    0.000ns
    Phase Error              (PE):    0.000ns

    Location             Delay type                Incr(ns)  Path(ns)    Netlist Resource(s)
  -------------------------------------------------------------------    -------------------
                         (clock sys_clk_pin rise edge)
                                                      0.000     0.000 r  
    W5                                                0.000     0.000 r  clk (IN)
                         net (fo=0)                   0.000     0.000    clk
    W5                   IBUF (Prop_ibuf_I_O)         1.458     1.458 r  clk_IBUF_inst/O
                         net (fo=1, routed)           1.967     3.425    clk_IBUF
    BUFGCTRL_X0Y0        BUFG (Prop_bufg_I_O)         0.096     3.521 r  clk_IBUF_BUFG_inst/O
                         net (fo=114, routed)         1.620     5.141    clk_IBUF_BUFG
    SLICE_X2Y26          FDRE                                         r  regB_reg[2]/C
  -------------------------------------------------------------------    -------------------
    SLICE_X2Y26          FDRE (Prop_fdre_C_Q)         0.518     5.659 r  regB_reg[2]/Q
                         net (fo=17, routed)          1.223     6.883    ALU_INST/Q[2]
    SLICE_X1Y24          LUT3 (Prop_lut3_I1_O)        0.124     7.007 r  ALU_INST/led_OBUF[0]_inst_i_7/O
                         net (fo=1, routed)           0.739     7.746    ALU_INST/led_OBUF[0]_inst_i_7_n_0
    SLICE_X2Y24          LUT6 (Prop_lut6_I3_O)        0.124     7.870 r  ALU_INST/led_OBUF[0]_inst_i_6/O
                         net (fo=1, routed)           0.822     8.692    ALU_INST/led_OBUF[0]_inst_i_6_n_0
    SLICE_X2Y25          LUT6 (Prop_lut6_I5_O)        0.124     8.816 r  ALU_INST/led_OBUF[0]_inst_i_3/O
                         net (fo=1, routed)           0.452     9.268    ALU_INST/led_OBUF[0]_inst_i_3_n_0
    SLICE_X2Y25          LUT6 (Prop_lut6_I2_O)        0.124     9.392 r  ALU_INST/led_OBUF[0]_inst_i_1/O
                         net (fo=2, routed)           2.529    11.922    led_OBUF[0]
    U16                  OBUF (Prop_obuf_I_O)         3.505    15.426 r  led_OBUF[0]_inst/O
                         net (fo=0)                   0.000    15.426    led[0]
    U16                                                               r  led[0] (OUT)
  -------------------------------------------------------------------    -------------------





Min Delay Paths
--------------------------------------------------------------------------------------
Slack:                    inf
  Source:                 regControl_reg[4]/C
                            (rising edge-triggered cell FDRE clocked by sys_clk_pin  {rise@0.000ns fall@5.000ns period=10.000ns})
  Destination:            led[2]
                            (output port)
  Path Group:             (none)
  Path Type:              Min at Fast Process Corner
  Data Path Delay:        2.058ns  (logic 1.388ns (67.443%)  route 0.670ns (32.557%))
  Logic Levels:           2  (LUT6=1 OBUF=1)
  Clock Uncertainty:      0.025ns  ((TSJ^2 + TIJ^2)^1/2 + DJ) / 2 + PE
    Total System Jitter     (TSJ):    0.050ns
    Total Input Jitter      (TIJ):    0.000ns
    Discrete Jitter          (DJ):    0.000ns
    Phase Error              (PE):    0.000ns

    Location             Delay type                Incr(ns)  Path(ns)    Netlist Resource(s)
  -------------------------------------------------------------------    -------------------
                         (clock sys_clk_pin rise edge)
                                                      0.000     0.000 r  
    W5                                                0.000     0.000 r  clk (IN)
                         net (fo=0)                   0.000     0.000    clk
    W5                   IBUF (Prop_ibuf_I_O)         0.226     0.226 r  clk_IBUF_inst/O
                         net (fo=1, routed)           0.631     0.858    clk_IBUF
    BUFGCTRL_X0Y0        BUFG (Prop_bufg_I_O)         0.026     0.884 r  clk_IBUF_BUFG_inst/O
                         net (fo=114, routed)         0.582     1.465    clk_IBUF_BUFG
    SLICE_X0Y24          FDRE                                         r  regControl_reg[4]/C
  -------------------------------------------------------------------    -------------------
    SLICE_X0Y24          FDRE (Prop_fdre_C_Q)         0.141     1.606 f  regControl_reg[4]/Q
                         net (fo=6, routed)           0.196     1.802    ALU_INST/led[2][4]
    SLICE_X0Y24          LUT6 (Prop_lut6_I2_O)        0.045     1.847 r  ALU_INST/led_OBUF[2]_inst_i_1/O
                         net (fo=2, routed)           0.474     2.321    led_OBUF[2]
    U19                  OBUF (Prop_obuf_I_O)         1.202     3.523 r  led_OBUF[2]_inst/O
                         net (fo=0)                   0.000     3.523    led[2]
    U19                                                               r  led[2] (OUT)
  -------------------------------------------------------------------    -------------------

Slack:                    inf
  Source:                 regControl_reg[4]/C
                            (rising edge-triggered cell FDRE clocked by sys_clk_pin  {rise@0.000ns fall@5.000ns period=10.000ns})
  Destination:            led[3]
                            (output port)
  Path Group:             (none)
  Path Type:              Min at Fast Process Corner
  Data Path Delay:        2.083ns  (logic 1.396ns (67.023%)  route 0.687ns (32.977%))
  Logic Levels:           2  (LUT6=1 OBUF=1)
  Clock Uncertainty:      0.025ns  ((TSJ^2 + TIJ^2)^1/2 + DJ) / 2 + PE
    Total System Jitter     (TSJ):    0.050ns
    Total Input Jitter      (TIJ):    0.000ns
    Discrete Jitter          (DJ):    0.000ns
    Phase Error              (PE):    0.000ns

    Location             Delay type                Incr(ns)  Path(ns)    Netlist Resource(s)
  -------------------------------------------------------------------    -------------------
                         (clock sys_clk_pin rise edge)
                                                      0.000     0.000 r  
    W5                                                0.000     0.000 r  clk (IN)
                         net (fo=0)                   0.000     0.000    clk
    W5                   IBUF (Prop_ibuf_I_O)         0.226     0.226 r  clk_IBUF_inst/O
                         net (fo=1, routed)           0.631     0.858    clk_IBUF
    BUFGCTRL_X0Y0        BUFG (Prop_bufg_I_O)         0.026     0.884 r  clk_IBUF_BUFG_inst/O
                         net (fo=114, routed)         0.582     1.465    clk_IBUF_BUFG
    SLICE_X0Y24          FDRE                                         r  regControl_reg[4]/C
  -------------------------------------------------------------------    -------------------
    SLICE_X0Y24          FDRE (Prop_fdre_C_Q)         0.141     1.606 f  regControl_reg[4]/Q
                         net (fo=6, routed)           0.185     1.791    ALU_INST/led[2][4]
    SLICE_X0Y24          LUT6 (Prop_lut6_I2_O)        0.045     1.836 r  ALU_INST/led_OBUF[3]_inst_i_1/O
                         net (fo=2, routed)           0.502     2.338    led_OBUF[3]
    V19                  OBUF (Prop_obuf_I_O)         1.210     3.548 r  led_OBUF[3]_inst/O
                         net (fo=0)                   0.000     3.548    led[3]
    V19                                                               r  led[3] (OUT)
  -------------------------------------------------------------------    -------------------

Slack:                    inf
  Source:                 regControl_reg[3]/C
                            (rising edge-triggered cell FDRE clocked by sys_clk_pin  {rise@0.000ns fall@5.000ns period=10.000ns})
  Destination:            led[4]
                            (output port)
  Path Group:             (none)
  Path Type:              Min at Fast Process Corner
  Data Path Delay:        2.101ns  (logic 1.396ns (66.421%)  route 0.706ns (33.579%))
  Logic Levels:           2  (LUT6=1 OBUF=1)
  Clock Uncertainty:      0.025ns  ((TSJ^2 + TIJ^2)^1/2 + DJ) / 2 + PE
    Total System Jitter     (TSJ):    0.050ns
    Total Input Jitter      (TIJ):    0.000ns
    Discrete Jitter          (DJ):    0.000ns
    Phase Error              (PE):    0.000ns

    Location             Delay type                Incr(ns)  Path(ns)    Netlist Resource(s)
  -------------------------------------------------------------------    -------------------
                         (clock sys_clk_pin rise edge)
                                                      0.000     0.000 r  
    W5                                                0.000     0.000 r  clk (IN)
                         net (fo=0)                   0.000     0.000    clk
    W5                   IBUF (Prop_ibuf_I_O)         0.226     0.226 r  clk_IBUF_inst/O
                         net (fo=1, routed)           0.631     0.858    clk_IBUF
    BUFGCTRL_X0Y0        BUFG (Prop_bufg_I_O)         0.026     0.884 r  clk_IBUF_BUFG_inst/O
                         net (fo=114, routed)         0.582     1.465    clk_IBUF_BUFG
    SLICE_X0Y25          FDRE                                         r  regControl_reg[3]/C
  -------------------------------------------------------------------    -------------------
    SLICE_X0Y25          FDRE (Prop_fdre_C_Q)         0.141     1.606 f  regControl_reg[3]/Q
                         net (fo=6, routed)           0.195     1.801    ALU_INST/led[2][3]
    SLICE_X2Y27          LUT6 (Prop_lut6_I3_O)        0.045     1.846 r  ALU_INST/led_OBUF[4]_inst_i_1/O
                         net (fo=2, routed)           0.510     2.357    led_OBUF[4]
    W18                  OBUF (Prop_obuf_I_O)         1.210     3.566 r  led_OBUF[4]_inst/O
                         net (fo=0)                   0.000     3.566    led[4]
    W18                                                               r  led[4] (OUT)
  -------------------------------------------------------------------    -------------------

Slack:                    inf
  Source:                 regControl_reg[2]/C
                            (rising edge-triggered cell FDRE clocked by sys_clk_pin  {rise@0.000ns fall@5.000ns period=10.000ns})
  Destination:            led[1]
                            (output port)
  Path Group:             (none)
  Path Type:              Min at Fast Process Corner
  Data Path Delay:        2.319ns  (logic 1.462ns (63.028%)  route 0.857ns (36.972%))
  Logic Levels:           3  (LUT5=1 LUT6=1 OBUF=1)
  Clock Uncertainty:      0.025ns  ((TSJ^2 + TIJ^2)^1/2 + DJ) / 2 + PE
    Total System Jitter     (TSJ):    0.050ns
    Total Input Jitter      (TIJ):    0.000ns
    Discrete Jitter          (DJ):    0.000ns
    Phase Error              (PE):    0.000ns

    Location             Delay type                Incr(ns)  Path(ns)    Netlist Resource(s)
  -------------------------------------------------------------------    -------------------
                         (clock sys_clk_pin rise edge)
                                                      0.000     0.000 r  
    W5                                                0.000     0.000 r  clk (IN)
                         net (fo=0)                   0.000     0.000    clk
    W5                   IBUF (Prop_ibuf_I_O)         0.226     0.226 r  clk_IBUF_inst/O
                         net (fo=1, routed)           0.631     0.858    clk_IBUF
    BUFGCTRL_X0Y0        BUFG (Prop_bufg_I_O)         0.026     0.884 r  clk_IBUF_BUFG_inst/O
                         net (fo=114, routed)         0.582     1.465    clk_IBUF_BUFG
    SLICE_X0Y25          FDRE                                         r  regControl_reg[2]/C
  -------------------------------------------------------------------    -------------------
    SLICE_X0Y25          FDRE (Prop_fdre_C_Q)         0.141     1.606 f  regControl_reg[2]/Q
                         net (fo=28, routed)          0.102     1.708    ALU_INST/led[2][2]
    SLICE_X1Y25          LUT6 (Prop_lut6_I1_O)        0.045     1.753 r  ALU_INST/led_OBUF[1]_inst_i_4/O
                         net (fo=1, routed)           0.159     1.911    ALU_INST/led_OBUF[1]_inst_i_4_n_0
    SLICE_X1Y25          LUT5 (Prop_lut5_I3_O)        0.045     1.956 r  ALU_INST/led_OBUF[1]_inst_i_1/O
                         net (fo=2, routed)           0.597     2.553    led_OBUF[1]
    E19                  OBUF (Prop_obuf_I_O)         1.231     3.784 r  led_OBUF[1]_inst/O
                         net (fo=0)                   0.000     3.784    led[1]
    E19                                                               r  led[1] (OUT)
  -------------------------------------------------------------------    -------------------

Slack:                    inf
  Source:                 regControl_reg[3]/C
                            (rising edge-triggered cell FDRE clocked by sys_clk_pin  {rise@0.000ns fall@5.000ns period=10.000ns})
  Destination:            led[5]
                            (output port)
  Path Group:             (none)
  Path Type:              Min at Fast Process Corner
  Data Path Delay:        2.368ns  (logic 1.402ns (59.180%)  route 0.967ns (40.820%))
  Logic Levels:           2  (LUT6=1 OBUF=1)
  Clock Uncertainty:      0.025ns  ((TSJ^2 + TIJ^2)^1/2 + DJ) / 2 + PE
    Total System Jitter     (TSJ):    0.050ns
    Total Input Jitter      (TIJ):    0.000ns
    Discrete Jitter          (DJ):    0.000ns
    Phase Error              (PE):    0.000ns

    Location             Delay type                Incr(ns)  Path(ns)    Netlist Resource(s)
  -------------------------------------------------------------------    -------------------
                         (clock sys_clk_pin rise edge)
                                                      0.000     0.000 r  
    W5                                                0.000     0.000 r  clk (IN)
                         net (fo=0)                   0.000     0.000    clk
    W5                   IBUF (Prop_ibuf_I_O)         0.226     0.226 r  clk_IBUF_inst/O
                         net (fo=1, routed)           0.631     0.858    clk_IBUF
    BUFGCTRL_X0Y0        BUFG (Prop_bufg_I_O)         0.026     0.884 r  clk_IBUF_BUFG_inst/O
                         net (fo=114, routed)         0.582     1.465    clk_IBUF_BUFG
    SLICE_X0Y25          FDRE                                         r  regControl_reg[3]/C
  -------------------------------------------------------------------    -------------------
    SLICE_X0Y25          FDRE (Prop_fdre_C_Q)         0.141     1.606 f  regControl_reg[3]/Q
                         net (fo=6, routed)           0.294     1.900    ALU_INST/led[2][3]
    SLICE_X2Y26          LUT6 (Prop_lut6_I3_O)        0.045     1.945 r  ALU_INST/led_OBUF[5]_inst_i_1/O
                         net (fo=2, routed)           0.672     2.618    led_OBUF[5]
    U15                  OBUF (Prop_obuf_I_O)         1.216     3.833 r  led_OBUF[5]_inst/O
                         net (fo=0)                   0.000     3.833    led[5]
    U15                                                               r  led[5] (OUT)
  -------------------------------------------------------------------    -------------------

Slack:                    inf
  Source:                 regControl_reg[4]/C
                            (rising edge-triggered cell FDRE clocked by sys_clk_pin  {rise@0.000ns fall@5.000ns period=10.000ns})
  Destination:            led_zero
                            (output port)
  Path Group:             (none)
  Path Type:              Min at Fast Process Corner
  Data Path Delay:        2.422ns  (logic 1.436ns (59.286%)  route 0.986ns (40.714%))
  Logic Levels:           3  (LUT3=1 LUT6=1 OBUF=1)
  Clock Uncertainty:      0.025ns  ((TSJ^2 + TIJ^2)^1/2 + DJ) / 2 + PE
    Total System Jitter     (TSJ):    0.050ns
    Total Input Jitter      (TIJ):    0.000ns
    Discrete Jitter          (DJ):    0.000ns
    Phase Error              (PE):    0.000ns

    Location             Delay type                Incr(ns)  Path(ns)    Netlist Resource(s)
  -------------------------------------------------------------------    -------------------
                         (clock sys_clk_pin rise edge)
                                                      0.000     0.000 r  
    W5                                                0.000     0.000 r  clk (IN)
                         net (fo=0)                   0.000     0.000    clk
    W5                   IBUF (Prop_ibuf_I_O)         0.226     0.226 r  clk_IBUF_inst/O
                         net (fo=1, routed)           0.631     0.858    clk_IBUF
    BUFGCTRL_X0Y0        BUFG (Prop_bufg_I_O)         0.026     0.884 r  clk_IBUF_BUFG_inst/O
                         net (fo=114, routed)         0.582     1.465    clk_IBUF_BUFG
    SLICE_X0Y24          FDRE                                         r  regControl_reg[4]/C
  -------------------------------------------------------------------    -------------------
    SLICE_X0Y24          FDRE (Prop_fdre_C_Q)         0.141     1.606 r  regControl_reg[4]/Q
                         net (fo=6, routed)           0.185     1.791    ALU_INST/led[2][4]
    SLICE_X0Y24          LUT6 (Prop_lut6_I2_O)        0.045     1.836 f  ALU_INST/led_OBUF[3]_inst_i_1/O
                         net (fo=2, routed)           0.210     2.046    ALU_INST/led_OBUF[3]
    SLICE_X0Y19          LUT3 (Prop_lut3_I0_O)        0.045     2.091 r  ALU_INST/led_zero_OBUF_inst_i_1/O
                         net (fo=1, routed)           0.592     2.682    led_zero_OBUF
    V13                  OBUF (Prop_obuf_I_O)         1.205     3.888 r  led_zero_OBUF_inst/O
                         net (fo=0)                   0.000     3.888    led_zero
    V13                                                               r  led_zero (OUT)
  -------------------------------------------------------------------    -------------------

Slack:                    inf
  Source:                 regControl_reg[1]/C
                            (rising edge-triggered cell FDRE clocked by sys_clk_pin  {rise@0.000ns fall@5.000ns period=10.000ns})
  Destination:            led[0]
                            (output port)
  Path Group:             (none)
  Path Type:              Min at Fast Process Corner
  Data Path Delay:        2.522ns  (logic 1.437ns (56.981%)  route 1.085ns (43.019%))
  Logic Levels:           3  (LUT6=2 OBUF=1)
  Clock Uncertainty:      0.025ns  ((TSJ^2 + TIJ^2)^1/2 + DJ) / 2 + PE
    Total System Jitter     (TSJ):    0.050ns
    Total Input Jitter      (TIJ):    0.000ns
    Discrete Jitter          (DJ):    0.000ns
    Phase Error              (PE):    0.000ns

    Location             Delay type                Incr(ns)  Path(ns)    Netlist Resource(s)
  -------------------------------------------------------------------    -------------------
                         (clock sys_clk_pin rise edge)
                                                      0.000     0.000 r  
    W5                                                0.000     0.000 r  clk (IN)
                         net (fo=0)                   0.000     0.000    clk
    W5                   IBUF (Prop_ibuf_I_O)         0.226     0.226 r  clk_IBUF_inst/O
                         net (fo=1, routed)           0.631     0.858    clk_IBUF
    BUFGCTRL_X0Y0        BUFG (Prop_bufg_I_O)         0.026     0.884 r  clk_IBUF_BUFG_inst/O
                         net (fo=114, routed)         0.582     1.465    clk_IBUF_BUFG
    SLICE_X0Y25          FDRE                                         r  regControl_reg[1]/C
  -------------------------------------------------------------------    -------------------
    SLICE_X0Y25          FDRE (Prop_fdre_C_Q)         0.141     1.606 r  regControl_reg[1]/Q
                         net (fo=18, routed)          0.173     1.779    ALU_INST/led[2][1]
    SLICE_X1Y24          LUT6 (Prop_lut6_I4_O)        0.045     1.824 r  ALU_INST/led_OBUF[0]_inst_i_4/O
                         net (fo=1, routed)           0.189     2.013    ALU_INST/led_OBUF[0]_inst_i_4_n_0
    SLICE_X2Y25          LUT6 (Prop_lut6_I3_O)        0.045     2.058 r  ALU_INST/led_OBUF[0]_inst_i_1/O
                         net (fo=2, routed)           0.723     2.781    led_OBUF[0]
    U16                  OBUF (Prop_obuf_I_O)         1.206     3.987 r  led_OBUF[0]_inst/O
                         net (fo=0)                   0.000     3.987    led[0]
    U16                                                               r  led[0] (OUT)
  -------------------------------------------------------------------    -------------------

Slack:                    inf
  Source:                 regA_reg[6]/C
                            (rising edge-triggered cell FDRE clocked by sys_clk_pin  {rise@0.000ns fall@5.000ns period=10.000ns})
  Destination:            led[6]
                            (output port)
  Path Group:             (none)
  Path Type:              Min at Fast Process Corner
  Data Path Delay:        2.579ns  (logic 1.461ns (56.663%)  route 1.118ns (43.337%))
  Logic Levels:           3  (LUT5=1 LUT6=1 OBUF=1)
  Clock Uncertainty:      0.025ns  ((TSJ^2 + TIJ^2)^1/2 + DJ) / 2 + PE
    Total System Jitter     (TSJ):    0.050ns
    Total Input Jitter      (TIJ):    0.000ns
    Discrete Jitter          (DJ):    0.000ns
    Phase Error              (PE):    0.000ns

    Location             Delay type                Incr(ns)  Path(ns)    Netlist Resource(s)
  -------------------------------------------------------------------    -------------------
                         (clock sys_clk_pin rise edge)
                                                      0.000     0.000 r  
    W5                                                0.000     0.000 r  clk (IN)
                         net (fo=0)                   0.000     0.000    clk
    W5                   IBUF (Prop_ibuf_I_O)         0.226     0.226 r  clk_IBUF_inst/O
                         net (fo=1, routed)           0.631     0.858    clk_IBUF
    BUFGCTRL_X0Y0        BUFG (Prop_bufg_I_O)         0.026     0.884 r  clk_IBUF_BUFG_inst/O
                         net (fo=114, routed)         0.582     1.465    clk_IBUF_BUFG
    SLICE_X2Y25          FDRE                                         r  regA_reg[6]/C
  -------------------------------------------------------------------    -------------------
    SLICE_X2Y25          FDRE (Prop_fdre_C_Q)         0.164     1.629 r  regA_reg[6]/Q
                         net (fo=10, routed)          0.227     1.856    ALU_INST/led_OBUF[3]_inst_i_5_0[6]
    SLICE_X2Y25          LUT6 (Prop_lut6_I4_O)        0.045     1.901 r  ALU_INST/led_OBUF[6]_inst_i_3/O
                         net (fo=1, routed)           0.106     2.007    ALU_INST/led_OBUF[6]_inst_i_3_n_0
    SLICE_X2Y26          LUT5 (Prop_lut5_I1_O)        0.045     2.052 r  ALU_INST/led_OBUF[6]_inst_i_1/O
                         net (fo=2, routed)           0.785     2.837    led_OBUF[6]
    U14                  OBUF (Prop_obuf_I_O)         1.207     4.044 r  led_OBUF[6]_inst/O
                         net (fo=0)                   0.000     4.044    led[6]
    U14                                                               r  led[6] (OUT)
  -------------------------------------------------------------------    -------------------

Slack:                    inf
  Source:                 regB_reg[7]/C
                            (rising edge-triggered cell FDRE clocked by sys_clk_pin  {rise@0.000ns fall@5.000ns period=10.000ns})
  Destination:            led[7]
                            (output port)
  Path Group:             (none)
  Path Type:              Min at Fast Process Corner
  Data Path Delay:        2.699ns  (logic 1.456ns (53.949%)  route 1.243ns (46.051%))
  Logic Levels:           3  (LUT5=1 LUT6=1 OBUF=1)
  Clock Uncertainty:      0.025ns  ((TSJ^2 + TIJ^2)^1/2 + DJ) / 2 + PE
    Total System Jitter     (TSJ):    0.050ns
    Total Input Jitter      (TIJ):    0.000ns
    Discrete Jitter          (DJ):    0.000ns
    Phase Error              (PE):    0.000ns

    Location             Delay type                Incr(ns)  Path(ns)    Netlist Resource(s)
  -------------------------------------------------------------------    -------------------
                         (clock sys_clk_pin rise edge)
                                                      0.000     0.000 r  
    W5                                                0.000     0.000 r  clk (IN)
                         net (fo=0)                   0.000     0.000    clk
    W5                   IBUF (Prop_ibuf_I_O)         0.226     0.226 r  clk_IBUF_inst/O
                         net (fo=1, routed)           0.631     0.858    clk_IBUF
    BUFGCTRL_X0Y0        BUFG (Prop_bufg_I_O)         0.026     0.884 r  clk_IBUF_BUFG_inst/O
                         net (fo=114, routed)         0.583     1.466    clk_IBUF_BUFG
    SLICE_X2Y26          FDRE                                         r  regB_reg[7]/C
  -------------------------------------------------------------------    -------------------
    SLICE_X2Y26          FDRE (Prop_fdre_C_Q)         0.164     1.630 r  regB_reg[7]/Q
                         net (fo=7, routed)           0.131     1.761    ALU_INST/Q[7]
    SLICE_X3Y26          LUT6 (Prop_lut6_I5_O)        0.045     1.806 r  ALU_INST/led_OBUF[7]_inst_i_4/O
                         net (fo=1, routed)           0.137     1.943    ALU_INST/led_OBUF[7]_inst_i_4_n_0
    SLICE_X3Y26          LUT5 (Prop_lut5_I2_O)        0.045     1.988 r  ALU_INST/led_OBUF[7]_inst_i_1/O
                         net (fo=2, routed)           0.975     2.963    led_OBUF[7]
    V14                  OBUF (Prop_obuf_I_O)         1.202     4.165 r  led_OBUF[7]_inst/O
                         net (fo=0)                   0.000     4.165    led[7]
    V14                                                               r  led[7] (OUT)
  -------------------------------------------------------------------    -------------------





--------------------------------------------------------------------------------------
Path Group:  (none)
From Clock:  
  To Clock:  sys_clk_pin

Max Delay            26 Endpoints
Min Delay            26 Endpoints
--------------------------------------------------------------------------------------


Max Delay Paths
--------------------------------------------------------------------------------------
Slack:                    inf
  Source:                 data_sw[5]
                            (input port)
  Destination:            regB_reg[5]/D
                            (rising edge-triggered cell FDRE clocked by sys_clk_pin  {rise@0.000ns fall@5.000ns period=10.000ns})
  Path Group:             (none)
  Path Type:              Setup (Max at Slow Process Corner)
  Data Path Delay:        3.288ns  (logic 1.466ns (44.593%)  route 1.822ns (55.407%))
  Logic Levels:           1  (IBUF=1)
  Clock Path Skew:        4.843ns (DCD - SCD + CPR)
    Destination Clock Delay (DCD):    4.843ns
    Source Clock Delay      (SCD):    0.000ns
    Clock Pessimism Removal (CPR):    0.000ns
  Clock Uncertainty:      0.025ns  ((TSJ^2 + TIJ^2)^1/2 + DJ) / 2 + PE
    Total System Jitter     (TSJ):    0.050ns
    Total Input Jitter      (TIJ):    0.000ns
    Discrete Jitter          (DJ):    0.000ns
    Phase Error              (PE):    0.000ns

    Location             Delay type                Incr(ns)  Path(ns)    Netlist Resource(s)
  -------------------------------------------------------------------    -------------------
    V15                                               0.000     0.000 r  data_sw[5] (IN)
                         net (fo=0)                   0.000     0.000    data_sw[5]
    V15                  IBUF (Prop_ibuf_I_O)         1.466     1.466 r  data_sw_IBUF[5]_inst/O
                         net (fo=3, routed)           1.822     3.288    data_sw_IBUF[5]
    SLICE_X2Y24          FDRE                                         r  regB_reg[5]/D
  -------------------------------------------------------------------    -------------------

                         (clock sys_clk_pin rise edge)
                                                      0.000     0.000 r  
    W5                                                0.000     0.000 r  clk (IN)
                         net (fo=0)                   0.000     0.000    clk
    W5                   IBUF (Prop_ibuf_I_O)         1.388     1.388 r  clk_IBUF_inst/O
                         net (fo=1, routed)           1.862     3.250    clk_IBUF
    BUFGCTRL_X0Y0        BUFG (Prop_bufg_I_O)         0.091     3.341 r  clk_IBUF_BUFG_inst/O
                         net (fo=114, routed)         1.502     4.843    clk_IBUF_BUFG
    SLICE_X2Y24          FDRE                                         r  regB_reg[5]/C

Slack:                    inf
  Source:                 data_sw[1]
                            (input port)
  Destination:            regA_reg[1]/D
                            (rising edge-triggered cell FDRE clocked by sys_clk_pin  {rise@0.000ns fall@5.000ns period=10.000ns})
  Path Group:             (none)
  Path Type:              Setup (Max at Slow Process Corner)
  Data Path Delay:        3.271ns  (logic 1.461ns (44.681%)  route 1.809ns (55.319%))
  Logic Levels:           1  (IBUF=1)
  Clock Path Skew:        4.845ns (DCD - SCD + CPR)
    Destination Clock Delay (DCD):    4.845ns
    Source Clock Delay      (SCD):    0.000ns
    Clock Pessimism Removal (CPR):    0.000ns
  Clock Uncertainty:      0.025ns  ((TSJ^2 + TIJ^2)^1/2 + DJ) / 2 + PE
    Total System Jitter     (TSJ):    0.050ns
    Total Input Jitter      (TIJ):    0.000ns
    Discrete Jitter          (DJ):    0.000ns
    Phase Error              (PE):    0.000ns

    Location             Delay type                Incr(ns)  Path(ns)    Netlist Resource(s)
  -------------------------------------------------------------------    -------------------
    V16                                               0.000     0.000 r  data_sw[1] (IN)
                         net (fo=0)                   0.000     0.000    data_sw[1]
    V16                  IBUF (Prop_ibuf_I_O)         1.461     1.461 r  data_sw_IBUF[1]_inst/O
                         net (fo=3, routed)           1.809     3.271    data_sw_IBUF[1]
    SLICE_X3Y26          FDRE                                         r  regA_reg[1]/D
  -------------------------------------------------------------------    -------------------

                         (clock sys_clk_pin rise edge)
                                                      0.000     0.000 r  
    W5                                                0.000     0.000 r  clk (IN)
                         net (fo=0)                   0.000     0.000    clk
    W5                   IBUF (Prop_ibuf_I_O)         1.388     1.388 r  clk_IBUF_inst/O
                         net (fo=1, routed)           1.862     3.250    clk_IBUF
    BUFGCTRL_X0Y0        BUFG (Prop_bufg_I_O)         0.091     3.341 r  clk_IBUF_BUFG_inst/O
                         net (fo=114, routed)         1.504     4.845    clk_IBUF_BUFG
    SLICE_X3Y26          FDRE                                         r  regA_reg[1]/C

Slack:                    inf
  Source:                 data_sw[6]
                            (input port)
  Destination:            regA_reg[6]/D
                            (rising edge-triggered cell FDRE clocked by sys_clk_pin  {rise@0.000ns fall@5.000ns period=10.000ns})
  Path Group:             (none)
  Path Type:              Setup (Max at Slow Process Corner)
  Data Path Delay:        3.268ns  (logic 1.450ns (44.356%)  route 1.819ns (55.644%))
  Logic Levels:           1  (IBUF=1)
  Clock Path Skew:        4.843ns (DCD - SCD + CPR)
    Destination Clock Delay (DCD):    4.843ns
    Source Clock Delay      (SCD):    0.000ns
    Clock Pessimism Removal (CPR):    0.000ns
  Clock Uncertainty:      0.025ns  ((TSJ^2 + TIJ^2)^1/2 + DJ) / 2 + PE
    Total System Jitter     (TSJ):    0.050ns
    Total Input Jitter      (TIJ):    0.000ns
    Discrete Jitter          (DJ):    0.000ns
    Phase Error              (PE):    0.000ns

    Location             Delay type                Incr(ns)  Path(ns)    Netlist Resource(s)
  -------------------------------------------------------------------    -------------------
    W14                                               0.000     0.000 r  data_sw[6] (IN)
                         net (fo=0)                   0.000     0.000    data_sw[6]
    W14                  IBUF (Prop_ibuf_I_O)         1.450     1.450 r  data_sw_IBUF[6]_inst/O
                         net (fo=2, routed)           1.819     3.268    data_sw_IBUF[6]
    SLICE_X2Y25          FDRE                                         r  regA_reg[6]/D
  -------------------------------------------------------------------    -------------------

                         (clock sys_clk_pin rise edge)
                                                      0.000     0.000 r  
    W5                                                0.000     0.000 r  clk (IN)
                         net (fo=0)                   0.000     0.000    clk
    W5                   IBUF (Prop_ibuf_I_O)         1.388     1.388 r  clk_IBUF_inst/O
                         net (fo=1, routed)           1.862     3.250    clk_IBUF
    BUFGCTRL_X0Y0        BUFG (Prop_bufg_I_O)         0.091     3.341 r  clk_IBUF_BUFG_inst/O
                         net (fo=114, routed)         1.502     4.843    clk_IBUF_BUFG
    SLICE_X2Y25          FDRE                                         r  regA_reg[6]/C

Slack:                    inf
  Source:                 data_sw[7]
                            (input port)
  Destination:            regB_reg[7]/D
                            (rising edge-triggered cell FDRE clocked by sys_clk_pin  {rise@0.000ns fall@5.000ns period=10.000ns})
  Path Group:             (none)
  Path Type:              Setup (Max at Slow Process Corner)
  Data Path Delay:        3.235ns  (logic 1.459ns (45.095%)  route 1.776ns (54.905%))
  Logic Levels:           1  (IBUF=1)
  Clock Path Skew:        4.845ns (DCD - SCD + CPR)
    Destination Clock Delay (DCD):    4.845ns
    Source Clock Delay      (SCD):    0.000ns
    Clock Pessimism Removal (CPR):    0.000ns
  Clock Uncertainty:      0.025ns  ((TSJ^2 + TIJ^2)^1/2 + DJ) / 2 + PE
    Total System Jitter     (TSJ):    0.050ns
    Total Input Jitter      (TIJ):    0.000ns
    Discrete Jitter          (DJ):    0.000ns
    Phase Error              (PE):    0.000ns

    Location             Delay type                Incr(ns)  Path(ns)    Netlist Resource(s)
  -------------------------------------------------------------------    -------------------
    W13                                               0.000     0.000 r  data_sw[7] (IN)
                         net (fo=0)                   0.000     0.000    data_sw[7]
    W13                  IBUF (Prop_ibuf_I_O)         1.459     1.459 r  data_sw_IBUF[7]_inst/O
                         net (fo=2, routed)           1.776     3.235    data_sw_IBUF[7]
    SLICE_X2Y26          FDRE                                         r  regB_reg[7]/D
  -------------------------------------------------------------------    -------------------

                         (clock sys_clk_pin rise edge)
                                                      0.000     0.000 r  
    W5                                                0.000     0.000 r  clk (IN)
                         net (fo=0)                   0.000     0.000    clk
    W5                   IBUF (Prop_ibuf_I_O)         1.388     1.388 r  clk_IBUF_inst/O
                         net (fo=1, routed)           1.862     3.250    clk_IBUF
    BUFGCTRL_X0Y0        BUFG (Prop_bufg_I_O)         0.091     3.341 r  clk_IBUF_BUFG_inst/O
                         net (fo=114, routed)         1.504     4.845    clk_IBUF_BUFG
    SLICE_X2Y26          FDRE                                         r  regB_reg[7]/C

Slack:                    inf
  Source:                 data_sw[7]
                            (input port)
  Destination:            regA_reg[7]/D
                            (rising edge-triggered cell FDRE clocked by sys_clk_pin  {rise@0.000ns fall@5.000ns period=10.000ns})
  Path Group:             (none)
  Path Type:              Setup (Max at Slow Process Corner)
  Data Path Delay:        3.179ns  (logic 1.459ns (45.895%)  route 1.720ns (54.105%))
  Logic Levels:           1  (IBUF=1)
  Clock Path Skew:        4.845ns (DCD - SCD + CPR)
    Destination Clock Delay (DCD):    4.845ns
    Source Clock Delay      (SCD):    0.000ns
    Clock Pessimism Removal (CPR):    0.000ns
  Clock Uncertainty:      0.025ns  ((TSJ^2 + TIJ^2)^1/2 + DJ) / 2 + PE
    Total System Jitter     (TSJ):    0.050ns
    Total Input Jitter      (TIJ):    0.000ns
    Discrete Jitter          (DJ):    0.000ns
    Phase Error              (PE):    0.000ns

    Location             Delay type                Incr(ns)  Path(ns)    Netlist Resource(s)
  -------------------------------------------------------------------    -------------------
    W13                                               0.000     0.000 r  data_sw[7] (IN)
                         net (fo=0)                   0.000     0.000    data_sw[7]
    W13                  IBUF (Prop_ibuf_I_O)         1.459     1.459 r  data_sw_IBUF[7]_inst/O
                         net (fo=2, routed)           1.720     3.179    data_sw_IBUF[7]
    SLICE_X1Y26          FDRE                                         r  regA_reg[7]/D
  -------------------------------------------------------------------    -------------------

                         (clock sys_clk_pin rise edge)
                                                      0.000     0.000 r  
    W5                                                0.000     0.000 r  clk (IN)
                         net (fo=0)                   0.000     0.000    clk
    W5                   IBUF (Prop_ibuf_I_O)         1.388     1.388 r  clk_IBUF_inst/O
                         net (fo=1, routed)           1.862     3.250    clk_IBUF
    BUFGCTRL_X0Y0        BUFG (Prop_bufg_I_O)         0.091     3.341 r  clk_IBUF_BUFG_inst/O
                         net (fo=114, routed)         1.504     4.845    clk_IBUF_BUFG
    SLICE_X1Y26          FDRE                                         r  regA_reg[7]/C

Slack:                    inf
  Source:                 data_sw[3]
                            (input port)
  Destination:            regB_reg[3]/D
                            (rising edge-triggered cell FDRE clocked by sys_clk_pin  {rise@0.000ns fall@5.000ns period=10.000ns})
  Path Group:             (none)
  Path Type:              Setup (Max at Slow Process Corner)
  Data Path Delay:        3.148ns  (logic 1.448ns (46.006%)  route 1.700ns (53.994%))
  Logic Levels:           1  (IBUF=1)
  Clock Path Skew:        4.845ns (DCD - SCD + CPR)
    Destination Clock Delay (DCD):    4.845ns
    Source Clock Delay      (SCD):    0.000ns
    Clock Pessimism Removal (CPR):    0.000ns
  Clock Uncertainty:      0.025ns  ((TSJ^2 + TIJ^2)^1/2 + DJ) / 2 + PE
    Total System Jitter     (TSJ):    0.050ns
    Total Input Jitter      (TIJ):    0.000ns
    Discrete Jitter          (DJ):    0.000ns
    Phase Error              (PE):    0.000ns

    Location             Delay type                Incr(ns)  Path(ns)    Netlist Resource(s)
  -------------------------------------------------------------------    -------------------
    W17                                               0.000     0.000 r  data_sw[3] (IN)
                         net (fo=0)                   0.000     0.000    data_sw[3]
    W17                  IBUF (Prop_ibuf_I_O)         1.448     1.448 r  data_sw_IBUF[3]_inst/O
                         net (fo=3, routed)           1.700     3.148    data_sw_IBUF[3]
    SLICE_X2Y26          FDRE                                         r  regB_reg[3]/D
  -------------------------------------------------------------------    -------------------

                         (clock sys_clk_pin rise edge)
                                                      0.000     0.000 r  
    W5                                                0.000     0.000 r  clk (IN)
                         net (fo=0)                   0.000     0.000    clk
    W5                   IBUF (Prop_ibuf_I_O)         1.388     1.388 r  clk_IBUF_inst/O
                         net (fo=1, routed)           1.862     3.250    clk_IBUF
    BUFGCTRL_X0Y0        BUFG (Prop_bufg_I_O)         0.091     3.341 r  clk_IBUF_BUFG_inst/O
                         net (fo=114, routed)         1.504     4.845    clk_IBUF_BUFG
    SLICE_X2Y26          FDRE                                         r  regB_reg[3]/C

Slack:                    inf
  Source:                 data_sw[3]
                            (input port)
  Destination:            regA_reg[3]/D
                            (rising edge-triggered cell FDRE clocked by sys_clk_pin  {rise@0.000ns fall@5.000ns period=10.000ns})
  Path Group:             (none)
  Path Type:              Setup (Max at Slow Process Corner)
  Data Path Delay:        3.140ns  (logic 1.448ns (46.126%)  route 1.692ns (53.874%))
  Logic Levels:           1  (IBUF=1)
  Clock Path Skew:        4.845ns (DCD - SCD + CPR)
    Destination Clock Delay (DCD):    4.845ns
    Source Clock Delay      (SCD):    0.000ns
    Clock Pessimism Removal (CPR):    0.000ns
  Clock Uncertainty:      0.025ns  ((TSJ^2 + TIJ^2)^1/2 + DJ) / 2 + PE
    Total System Jitter     (TSJ):    0.050ns
    Total Input Jitter      (TIJ):    0.000ns
    Discrete Jitter          (DJ):    0.000ns
    Phase Error              (PE):    0.000ns

    Location             Delay type                Incr(ns)  Path(ns)    Netlist Resource(s)
  -------------------------------------------------------------------    -------------------
    W17                                               0.000     0.000 r  data_sw[3] (IN)
                         net (fo=0)                   0.000     0.000    data_sw[3]
    W17                  IBUF (Prop_ibuf_I_O)         1.448     1.448 r  data_sw_IBUF[3]_inst/O
                         net (fo=3, routed)           1.692     3.140    data_sw_IBUF[3]
    SLICE_X1Y26          FDRE                                         r  regA_reg[3]/D
  -------------------------------------------------------------------    -------------------

                         (clock sys_clk_pin rise edge)
                                                      0.000     0.000 r  
    W5                                                0.000     0.000 r  clk (IN)
                         net (fo=0)                   0.000     0.000    clk
    W5                   IBUF (Prop_ibuf_I_O)         1.388     1.388 r  clk_IBUF_inst/O
                         net (fo=1, routed)           1.862     3.250    clk_IBUF
    BUFGCTRL_X0Y0        BUFG (Prop_bufg_I_O)         0.091     3.341 r  clk_IBUF_BUFG_inst/O
                         net (fo=114, routed)         1.504     4.845    clk_IBUF_BUFG
    SLICE_X1Y26          FDRE                                         r  regA_reg[3]/C

Slack:                    inf
  Source:                 data_sw[5]
                            (input port)
  Destination:            regA_reg[5]/D
                            (rising edge-triggered cell FDRE clocked by sys_clk_pin  {rise@0.000ns fall@5.000ns period=10.000ns})
  Path Group:             (none)
  Path Type:              Setup (Max at Slow Process Corner)
  Data Path Delay:        3.120ns  (logic 1.466ns (46.983%)  route 1.654ns (53.017%))
  Logic Levels:           1  (IBUF=1)
  Clock Path Skew:        4.843ns (DCD - SCD + CPR)
    Destination Clock Delay (DCD):    4.843ns
    Source Clock Delay      (SCD):    0.000ns
    Clock Pessimism Removal (CPR):    0.000ns
  Clock Uncertainty:      0.025ns  ((TSJ^2 + TIJ^2)^1/2 + DJ) / 2 + PE
    Total System Jitter     (TSJ):    0.050ns
    Total Input Jitter      (TIJ):    0.000ns
    Discrete Jitter          (DJ):    0.000ns
    Phase Error              (PE):    0.000ns

    Location             Delay type                Incr(ns)  Path(ns)    Netlist Resource(s)
  -------------------------------------------------------------------    -------------------
    V15                                               0.000     0.000 r  data_sw[5] (IN)
                         net (fo=0)                   0.000     0.000    data_sw[5]
    V15                  IBUF (Prop_ibuf_I_O)         1.466     1.466 r  data_sw_IBUF[5]_inst/O
                         net (fo=3, routed)           1.654     3.120    data_sw_IBUF[5]
    SLICE_X2Y25          FDRE                                         r  regA_reg[5]/D
  -------------------------------------------------------------------    -------------------

                         (clock sys_clk_pin rise edge)
                                                      0.000     0.000 r  
    W5                                                0.000     0.000 r  clk (IN)
                         net (fo=0)                   0.000     0.000    clk
    W5                   IBUF (Prop_ibuf_I_O)         1.388     1.388 r  clk_IBUF_inst/O
                         net (fo=1, routed)           1.862     3.250    clk_IBUF
    BUFGCTRL_X0Y0        BUFG (Prop_bufg_I_O)         0.091     3.341 r  clk_IBUF_BUFG_inst/O
                         net (fo=114, routed)         1.502     4.843    clk_IBUF_BUFG
    SLICE_X2Y25          FDRE                                         r  regA_reg[5]/C

Slack:                    inf
  Source:                 data_sw[4]
                            (input port)
  Destination:            regB_reg[4]/D
                            (rising edge-triggered cell FDRE clocked by sys_clk_pin  {rise@0.000ns fall@5.000ns period=10.000ns})
  Path Group:             (none)
  Path Type:              Setup (Max at Slow Process Corner)
  Data Path Delay:        3.109ns  (logic 1.451ns (46.663%)  route 1.658ns (53.337%))
  Logic Levels:           1  (IBUF=1)
  Clock Path Skew:        4.843ns (DCD - SCD + CPR)
    Destination Clock Delay (DCD):    4.843ns
    Source Clock Delay      (SCD):    0.000ns
    Clock Pessimism Removal (CPR):    0.000ns
  Clock Uncertainty:      0.025ns  ((TSJ^2 + TIJ^2)^1/2 + DJ) / 2 + PE
    Total System Jitter     (TSJ):    0.050ns
    Total Input Jitter      (TIJ):    0.000ns
    Discrete Jitter          (DJ):    0.000ns
    Phase Error              (PE):    0.000ns

    Location             Delay type                Incr(ns)  Path(ns)    Netlist Resource(s)
  -------------------------------------------------------------------    -------------------
    W15                                               0.000     0.000 r  data_sw[4] (IN)
                         net (fo=0)                   0.000     0.000    data_sw[4]
    W15                  IBUF (Prop_ibuf_I_O)         1.451     1.451 r  data_sw_IBUF[4]_inst/O
                         net (fo=3, routed)           1.658     3.109    data_sw_IBUF[4]
    SLICE_X2Y24          FDRE                                         r  regB_reg[4]/D
  -------------------------------------------------------------------    -------------------

                         (clock sys_clk_pin rise edge)
                                                      0.000     0.000 r  
    W5                                                0.000     0.000 r  clk (IN)
                         net (fo=0)                   0.000     0.000    clk
    W5                   IBUF (Prop_ibuf_I_O)         1.388     1.388 r  clk_IBUF_inst/O
                         net (fo=1, routed)           1.862     3.250    clk_IBUF
    BUFGCTRL_X0Y0        BUFG (Prop_bufg_I_O)         0.091     3.341 r  clk_IBUF_BUFG_inst/O
                         net (fo=114, routed)         1.502     4.843    clk_IBUF_BUFG
    SLICE_X2Y24          FDRE                                         r  regB_reg[4]/C

Slack:                    inf
  Source:                 data_sw[6]
                            (input port)
  Destination:            regB_reg[6]/D
                            (rising edge-triggered cell FDRE clocked by sys_clk_pin  {rise@0.000ns fall@5.000ns period=10.000ns})
  Path Group:             (none)
  Path Type:              Setup (Max at Slow Process Corner)
  Data Path Delay:        3.098ns  (logic 1.450ns (46.799%)  route 1.648ns (53.201%))
  Logic Levels:           1  (IBUF=1)
  Clock Path Skew:        4.843ns (DCD - SCD + CPR)
    Destination Clock Delay (DCD):    4.843ns
    Source Clock Delay      (SCD):    0.000ns
    Clock Pessimism Removal (CPR):    0.000ns
  Clock Uncertainty:      0.025ns  ((TSJ^2 + TIJ^2)^1/2 + DJ) / 2 + PE
    Total System Jitter     (TSJ):    0.050ns
    Total Input Jitter      (TIJ):    0.000ns
    Discrete Jitter          (DJ):    0.000ns
    Phase Error              (PE):    0.000ns

    Location             Delay type                Incr(ns)  Path(ns)    Netlist Resource(s)
  -------------------------------------------------------------------    -------------------
    W14                                               0.000     0.000 r  data_sw[6] (IN)
                         net (fo=0)                   0.000     0.000    data_sw[6]
    W14                  IBUF (Prop_ibuf_I_O)         1.450     1.450 r  data_sw_IBUF[6]_inst/O
                         net (fo=2, routed)           1.648     3.098    data_sw_IBUF[6]
    SLICE_X2Y24          FDRE                                         r  regB_reg[6]/D
  -------------------------------------------------------------------    -------------------

                         (clock sys_clk_pin rise edge)
                                                      0.000     0.000 r  
    W5                                                0.000     0.000 r  clk (IN)
                         net (fo=0)                   0.000     0.000    clk
    W5                   IBUF (Prop_ibuf_I_O)         1.388     1.388 r  clk_IBUF_inst/O
                         net (fo=1, routed)           1.862     3.250    clk_IBUF
    BUFGCTRL_X0Y0        BUFG (Prop_bufg_I_O)         0.091     3.341 r  clk_IBUF_BUFG_inst/O
                         net (fo=114, routed)         1.502     4.843    clk_IBUF_BUFG
    SLICE_X2Y24          FDRE                                         r  regB_reg[6]/C





Min Delay Paths
--------------------------------------------------------------------------------------
Slack:                    inf
  Source:                 btnL
                            (input port)
  Destination:            db_load_a/btn_sync0_reg/D
                            (rising edge-triggered cell FDRE clocked by sys_clk_pin  {rise@0.000ns fall@5.000ns period=10.000ns})
  Path Group:             (none)
  Path Type:              Hold (Min at Fast Process Corner)
  Data Path Delay:        0.630ns  (logic 0.219ns (34.824%)  route 0.411ns (65.176%))
  Logic Levels:           1  (IBUF=1)
  Clock Path Skew:        1.981ns (DCD - SCD - CPR)
    Destination Clock Delay (DCD):    1.981ns
    Source Clock Delay      (SCD):    0.000ns
    Clock Pessimism Removal (CPR):    -0.000ns

    Location             Delay type                Incr(ns)  Path(ns)    Netlist Resource(s)
  -------------------------------------------------------------------    -------------------
    W19                                               0.000     0.000 r  btnL (IN)
                         net (fo=0)                   0.000     0.000    btnL
    W19                  IBUF (Prop_ibuf_I_O)         0.219     0.219 r  btnL_IBUF_inst/O
                         net (fo=1, routed)           0.411     0.630    db_load_a/btnL_IBUF
    SLICE_X4Y19          FDRE                                         r  db_load_a/btn_sync0_reg/D
  -------------------------------------------------------------------    -------------------

                         (clock sys_clk_pin rise edge)
                                                      0.000     0.000 r  
    W5                                                0.000     0.000 r  clk (IN)
                         net (fo=0)                   0.000     0.000    clk
    W5                   IBUF (Prop_ibuf_I_O)         0.414     0.414 r  clk_IBUF_inst/O
                         net (fo=1, routed)           0.685     1.099    clk_IBUF
    BUFGCTRL_X0Y0        BUFG (Prop_bufg_I_O)         0.029     1.128 r  clk_IBUF_BUFG_inst/O
                         net (fo=114, routed)         0.854     1.981    db_load_a/CLK
    SLICE_X4Y19          FDRE                                         r  db_load_a/btn_sync0_reg/C

Slack:                    inf
  Source:                 btnU
                            (input port)
  Destination:            db_load_op/btn_sync0_reg/D
                            (rising edge-triggered cell FDRE clocked by sys_clk_pin  {rise@0.000ns fall@5.000ns period=10.000ns})
  Path Group:             (none)
  Path Type:              Hold (Min at Fast Process Corner)
  Data Path Delay:        0.652ns  (logic 0.222ns (34.047%)  route 0.430ns (65.953%))
  Logic Levels:           1  (IBUF=1)
  Clock Path Skew:        1.983ns (DCD - SCD - CPR)
    Destination Clock Delay (DCD):    1.983ns
    Source Clock Delay      (SCD):    0.000ns
    Clock Pessimism Removal (CPR):    -0.000ns

    Location             Delay type                Incr(ns)  Path(ns)    Netlist Resource(s)
  -------------------------------------------------------------------    -------------------
    T18                                               0.000     0.000 r  btnU (IN)
                         net (fo=0)                   0.000     0.000    btnU
    T18                  IBUF (Prop_ibuf_I_O)         0.222     0.222 r  btnU_IBUF_inst/O
                         net (fo=1, routed)           0.430     0.652    db_load_op/btnU_IBUF
    SLICE_X0Y19          FDRE                                         r  db_load_op/btn_sync0_reg/D
  -------------------------------------------------------------------    -------------------

                         (clock sys_clk_pin rise edge)
                                                      0.000     0.000 r  
    W5                                                0.000     0.000 r  clk (IN)
                         net (fo=0)                   0.000     0.000    clk
    W5                   IBUF (Prop_ibuf_I_O)         0.414     0.414 r  clk_IBUF_inst/O
                         net (fo=1, routed)           0.685     1.099    clk_IBUF
    BUFGCTRL_X0Y0        BUFG (Prop_bufg_I_O)         0.029     1.128 r  clk_IBUF_BUFG_inst/O
                         net (fo=114, routed)         0.856     1.983    db_load_op/CLK
    SLICE_X0Y19          FDRE                                         r  db_load_op/btn_sync0_reg/C

Slack:                    inf
  Source:                 btnR
                            (input port)
  Destination:            db_load_b/btn_sync0_reg/D
                            (rising edge-triggered cell FDRE clocked by sys_clk_pin  {rise@0.000ns fall@5.000ns period=10.000ns})
  Path Group:             (none)
  Path Type:              Hold (Min at Fast Process Corner)
  Data Path Delay:        0.692ns  (logic 0.219ns (31.676%)  route 0.473ns (68.324%))
  Logic Levels:           1  (IBUF=1)
  Clock Path Skew:        1.981ns (DCD - SCD - CPR)
    Destination Clock Delay (DCD):    1.981ns
    Source Clock Delay      (SCD):    0.000ns
    Clock Pessimism Removal (CPR):    -0.000ns

    Location             Delay type                Incr(ns)  Path(ns)    Netlist Resource(s)
  -------------------------------------------------------------------    -------------------
    T17                                               0.000     0.000 r  btnR (IN)
                         net (fo=0)                   0.000     0.000    btnR
    T17                  IBUF (Prop_ibuf_I_O)         0.219     0.219 r  btnR_IBUF_inst/O
                         net (fo=1, routed)           0.473     0.692    db_load_b/btnR_IBUF
    SLICE_X0Y21          FDRE                                         r  db_load_b/btn_sync0_reg/D
  -------------------------------------------------------------------    -------------------

                         (clock sys_clk_pin rise edge)
                                                      0.000     0.000 r  
    W5                                                0.000     0.000 r  clk (IN)
                         net (fo=0)                   0.000     0.000    clk
    W5                   IBUF (Prop_ibuf_I_O)         0.414     0.414 r  clk_IBUF_inst/O
                         net (fo=1, routed)           0.685     1.099    clk_IBUF
    BUFGCTRL_X0Y0        BUFG (Prop_bufg_I_O)         0.029     1.128 r  clk_IBUF_BUFG_inst/O
                         net (fo=114, routed)         0.854     1.981    db_load_b/CLK
    SLICE_X0Y21          FDRE                                         r  db_load_b/btn_sync0_reg/C

Slack:                    inf
  Source:                 data_sw[0]
                            (input port)
  Destination:            regB_reg[0]/D
                            (rising edge-triggered cell FDRE clocked by sys_clk_pin  {rise@0.000ns fall@5.000ns period=10.000ns})
  Path Group:             (none)
  Path Type:              Hold (Min at Fast Process Corner)
  Data Path Delay:        0.752ns  (logic 0.221ns (29.382%)  route 0.531ns (70.618%))
  Logic Levels:           1  (IBUF=1)
  Clock Path Skew:        1.977ns (DCD - SCD - CPR)
    Destination Clock Delay (DCD):    1.977ns
    Source Clock Delay      (SCD):    0.000ns
    Clock Pessimism Removal (CPR):    -0.000ns

    Location             Delay type                Incr(ns)  Path(ns)    Netlist Resource(s)
  -------------------------------------------------------------------    -------------------
    V17                                               0.000     0.000 r  data_sw[0] (IN)
                         net (fo=0)                   0.000     0.000    data_sw[0]
    V17                  IBUF (Prop_ibuf_I_O)         0.221     0.221 r  data_sw_IBUF[0]_inst/O
                         net (fo=3, routed)           0.531     0.752    data_sw_IBUF[0]
    SLICE_X2Y24          FDRE                                         r  regB_reg[0]/D
  -------------------------------------------------------------------    -------------------

                         (clock sys_clk_pin rise edge)
                                                      0.000     0.000 r  
    W5                                                0.000     0.000 r  clk (IN)
                         net (fo=0)                   0.000     0.000    clk
    W5                   IBUF (Prop_ibuf_I_O)         0.414     0.414 r  clk_IBUF_inst/O
                         net (fo=1, routed)           0.685     1.099    clk_IBUF
    BUFGCTRL_X0Y0        BUFG (Prop_bufg_I_O)         0.029     1.128 r  clk_IBUF_BUFG_inst/O
                         net (fo=114, routed)         0.850     1.977    clk_IBUF_BUFG
    SLICE_X2Y24          FDRE                                         r  regB_reg[0]/C

Slack:                    inf
  Source:                 btnC
                            (input port)
  Destination:            db_rst/btn_sync0_reg/D
                            (rising edge-triggered cell FDRE clocked by sys_clk_pin  {rise@0.000ns fall@5.000ns period=10.000ns})
  Path Group:             (none)
  Path Type:              Hold (Min at Fast Process Corner)
  Data Path Delay:        0.767ns  (logic 0.210ns (27.303%)  route 0.558ns (72.697%))
  Logic Levels:           1  (IBUF=1)
  Clock Path Skew:        1.979ns (DCD - SCD - CPR)
    Destination Clock Delay (DCD):    1.979ns
    Source Clock Delay      (SCD):    0.000ns
    Clock Pessimism Removal (CPR):    -0.000ns

    Location             Delay type                Incr(ns)  Path(ns)    Netlist Resource(s)
  -------------------------------------------------------------------    -------------------
    U18                                               0.000     0.000 r  btnC (IN)
                         net (fo=0)                   0.000     0.000    btnC
    U18                  IBUF (Prop_ibuf_I_O)         0.210     0.210 r  btnC_IBUF_inst/O
                         net (fo=1, routed)           0.558     0.767    db_rst/btnC_IBUF
    SLICE_X7Y21          FDRE                                         r  db_rst/btn_sync0_reg/D
  -------------------------------------------------------------------    -------------------

                         (clock sys_clk_pin rise edge)
                                                      0.000     0.000 r  
    W5                                                0.000     0.000 r  clk (IN)
                         net (fo=0)                   0.000     0.000    clk
    W5                   IBUF (Prop_ibuf_I_O)         0.414     0.414 r  clk_IBUF_inst/O
                         net (fo=1, routed)           0.685     1.099    clk_IBUF
    BUFGCTRL_X0Y0        BUFG (Prop_bufg_I_O)         0.029     1.128 r  clk_IBUF_BUFG_inst/O
                         net (fo=114, routed)         0.852     1.979    db_rst/CLK
    SLICE_X7Y21          FDRE                                         r  db_rst/btn_sync0_reg/C

Slack:                    inf
  Source:                 data_sw[4]
                            (input port)
  Destination:            regControl_reg[4]/D
                            (rising edge-triggered cell FDRE clocked by sys_clk_pin  {rise@0.000ns fall@5.000ns period=10.000ns})
  Path Group:             (none)
  Path Type:              Hold (Min at Fast Process Corner)
  Data Path Delay:        0.789ns  (logic 0.219ns (27.754%)  route 0.570ns (72.246%))
  Logic Levels:           1  (IBUF=1)
  Clock Path Skew:        1.977ns (DCD - SCD - CPR)
    Destination Clock Delay (DCD):    1.977ns
    Source Clock Delay      (SCD):    0.000ns
    Clock Pessimism Removal (CPR):    -0.000ns

    Location             Delay type                Incr(ns)  Path(ns)    Netlist Resource(s)
  -------------------------------------------------------------------    -------------------
    W15                                               0.000     0.000 r  data_sw[4] (IN)
                         net (fo=0)                   0.000     0.000    data_sw[4]
    W15                  IBUF (Prop_ibuf_I_O)         0.219     0.219 r  data_sw_IBUF[4]_inst/O
                         net (fo=3, routed)           0.570     0.789    data_sw_IBUF[4]
    SLICE_X0Y24          FDRE                                         r  regControl_reg[4]/D
  -------------------------------------------------------------------    -------------------

                         (clock sys_clk_pin rise edge)
                                                      0.000     0.000 r  
    W5                                                0.000     0.000 r  clk (IN)
                         net (fo=0)                   0.000     0.000    clk
    W5                   IBUF (Prop_ibuf_I_O)         0.414     0.414 r  clk_IBUF_inst/O
                         net (fo=1, routed)           0.685     1.099    clk_IBUF
    BUFGCTRL_X0Y0        BUFG (Prop_bufg_I_O)         0.029     1.128 r  clk_IBUF_BUFG_inst/O
                         net (fo=114, routed)         0.850     1.977    clk_IBUF_BUFG
    SLICE_X0Y24          FDRE                                         r  regControl_reg[4]/C

Slack:                    inf
  Source:                 data_sw[2]
                            (input port)
  Destination:            regControl_reg[2]/D
                            (rising edge-triggered cell FDRE clocked by sys_clk_pin  {rise@0.000ns fall@5.000ns period=10.000ns})
  Path Group:             (none)
  Path Type:              Hold (Min at Fast Process Corner)
  Data Path Delay:        0.823ns  (logic 0.232ns (28.168%)  route 0.591ns (71.832%))
  Logic Levels:           1  (IBUF=1)
  Clock Path Skew:        1.977ns (DCD - SCD - CPR)
    Destination Clock Delay (DCD):    1.977ns
    Source Clock Delay      (SCD):    0.000ns
    Clock Pessimism Removal (CPR):    -0.000ns

    Location             Delay type                Incr(ns)  Path(ns)    Netlist Resource(s)
  -------------------------------------------------------------------    -------------------
    W16                                               0.000     0.000 r  data_sw[2] (IN)
                         net (fo=0)                   0.000     0.000    data_sw[2]
    W16                  IBUF (Prop_ibuf_I_O)         0.232     0.232 r  data_sw_IBUF[2]_inst/O
                         net (fo=3, routed)           0.591     0.823    data_sw_IBUF[2]
    SLICE_X0Y25          FDRE                                         r  regControl_reg[2]/D
  -------------------------------------------------------------------    -------------------

                         (clock sys_clk_pin rise edge)
                                                      0.000     0.000 r  
    W5                                                0.000     0.000 r  clk (IN)
                         net (fo=0)                   0.000     0.000    clk
    W5                   IBUF (Prop_ibuf_I_O)         0.414     0.414 r  clk_IBUF_inst/O
                         net (fo=1, routed)           0.685     1.099    clk_IBUF
    BUFGCTRL_X0Y0        BUFG (Prop_bufg_I_O)         0.029     1.128 r  clk_IBUF_BUFG_inst/O
                         net (fo=114, routed)         0.850     1.977    clk_IBUF_BUFG
    SLICE_X0Y25          FDRE                                         r  regControl_reg[2]/C

Slack:                    inf
  Source:                 data_sw[0]
                            (input port)
  Destination:            regControl_reg[0]/D
                            (rising edge-triggered cell FDRE clocked by sys_clk_pin  {rise@0.000ns fall@5.000ns period=10.000ns})
  Path Group:             (none)
  Path Type:              Hold (Min at Fast Process Corner)
  Data Path Delay:        0.836ns  (logic 0.221ns (26.440%)  route 0.615ns (73.560%))
  Logic Levels:           1  (IBUF=1)
  Clock Path Skew:        1.977ns (DCD - SCD - CPR)
    Destination Clock Delay (DCD):    1.977ns
    Source Clock Delay      (SCD):    0.000ns
    Clock Pessimism Removal (CPR):    -0.000ns

    Location             Delay type                Incr(ns)  Path(ns)    Netlist Resource(s)
  -------------------------------------------------------------------    -------------------
    V17                                               0.000     0.000 r  data_sw[0] (IN)
                         net (fo=0)                   0.000     0.000    data_sw[0]
    V17                  IBUF (Prop_ibuf_I_O)         0.221     0.221 r  data_sw_IBUF[0]_inst/O
                         net (fo=3, routed)           0.615     0.836    data_sw_IBUF[0]
    SLICE_X0Y25          FDRE                                         r  regControl_reg[0]/D
  -------------------------------------------------------------------    -------------------

                         (clock sys_clk_pin rise edge)
                                                      0.000     0.000 r  
    W5                                                0.000     0.000 r  clk (IN)
                         net (fo=0)                   0.000     0.000    clk
    W5                   IBUF (Prop_ibuf_I_O)         0.414     0.414 r  clk_IBUF_inst/O
                         net (fo=1, routed)           0.685     1.099    clk_IBUF
    BUFGCTRL_X0Y0        BUFG (Prop_bufg_I_O)         0.029     1.128 r  clk_IBUF_BUFG_inst/O
                         net (fo=114, routed)         0.850     1.977    clk_IBUF_BUFG
    SLICE_X0Y25          FDRE                                         r  regControl_reg[0]/C

Slack:                    inf
  Source:                 data_sw[1]
                            (input port)
  Destination:            regControl_reg[1]/D
                            (rising edge-triggered cell FDRE clocked by sys_clk_pin  {rise@0.000ns fall@5.000ns period=10.000ns})
  Path Group:             (none)
  Path Type:              Hold (Min at Fast Process Corner)
  Data Path Delay:        0.836ns  (logic 0.229ns (27.426%)  route 0.607ns (72.574%))
  Logic Levels:           1  (IBUF=1)
  Clock Path Skew:        1.977ns (DCD - SCD - CPR)
    Destination Clock Delay (DCD):    1.977ns
    Source Clock Delay      (SCD):    0.000ns
    Clock Pessimism Removal (CPR):    -0.000ns

    Location             Delay type                Incr(ns)  Path(ns)    Netlist Resource(s)
  -------------------------------------------------------------------    -------------------
    V16                                               0.000     0.000 r  data_sw[1] (IN)
                         net (fo=0)                   0.000     0.000    data_sw[1]
    V16                  IBUF (Prop_ibuf_I_O)         0.229     0.229 r  data_sw_IBUF[1]_inst/O
                         net (fo=3, routed)           0.607     0.836    data_sw_IBUF[1]
    SLICE_X0Y25          FDRE                                         r  regControl_reg[1]/D
  -------------------------------------------------------------------    -------------------

                         (clock sys_clk_pin rise edge)
                                                      0.000     0.000 r  
    W5                                                0.000     0.000 r  clk (IN)
                         net (fo=0)                   0.000     0.000    clk
    W5                   IBUF (Prop_ibuf_I_O)         0.414     0.414 r  clk_IBUF_inst/O
                         net (fo=1, routed)           0.685     1.099    clk_IBUF
    BUFGCTRL_X0Y0        BUFG (Prop_bufg_I_O)         0.029     1.128 r  clk_IBUF_BUFG_inst/O
                         net (fo=114, routed)         0.850     1.977    clk_IBUF_BUFG
    SLICE_X0Y25          FDRE                                         r  regControl_reg[1]/C

Slack:                    inf
  Source:                 data_sw[4]
                            (input port)
  Destination:            regA_reg[4]/D
                            (rising edge-triggered cell FDRE clocked by sys_clk_pin  {rise@0.000ns fall@5.000ns period=10.000ns})
  Path Group:             (none)
  Path Type:              Hold (Min at Fast Process Corner)
  Data Path Delay:        0.837ns  (logic 0.219ns (26.141%)  route 0.618ns (73.859%))
  Logic Levels:           1  (IBUF=1)
  Clock Path Skew:        1.978ns (DCD - SCD - CPR)
    Destination Clock Delay (DCD):    1.978ns
    Source Clock Delay      (SCD):    0.000ns
    Clock Pessimism Removal (CPR):    -0.000ns

    Location             Delay type                Incr(ns)  Path(ns)    Netlist Resource(s)
  -------------------------------------------------------------------    -------------------
    W15                                               0.000     0.000 r  data_sw[4] (IN)
                         net (fo=0)                   0.000     0.000    data_sw[4]
    W15                  IBUF (Prop_ibuf_I_O)         0.219     0.219 r  data_sw_IBUF[4]_inst/O
                         net (fo=3, routed)           0.618     0.837    data_sw_IBUF[4]
    SLICE_X2Y23          FDRE                                         r  regA_reg[4]/D
  -------------------------------------------------------------------    -------------------

                         (clock sys_clk_pin rise edge)
                                                      0.000     0.000 r  
    W5                                                0.000     0.000 r  clk (IN)
                         net (fo=0)                   0.000     0.000    clk
    W5                   IBUF (Prop_ibuf_I_O)         0.414     0.414 r  clk_IBUF_inst/O
                         net (fo=1, routed)           0.685     1.099    clk_IBUF
    BUFGCTRL_X0Y0        BUFG (Prop_bufg_I_O)         0.029     1.128 r  clk_IBUF_BUFG_inst/O
                         net (fo=114, routed)         0.851     1.978    clk_IBUF_BUFG
    SLICE_X2Y23          FDRE                                         r  regA_reg[4]/C





