Copyright 1986-2022 Xilinx, Inc. All Rights Reserved. Copyright 2022-2024 Advanced Micro Devices, Inc. All Rights Reserved.
------------------------------------------------------------------------------------------------------------------------------------------------------------------------------------------------------------------------------------------------------
| Tool Version : Vivado v.2024.1 (win64) Build 5076996 Wed May 22 18:37:14 MDT 2024
| Date         : Fri Sep 18 11:13:49 2026
| Host         : DESKTOP-RRFGTIG running 64-bit major release  (build 9200)
| Command      : report_timing_summary -max_paths 10 -report_unconstrained -file uart_alu_system_top_timing_summary_routed.rpt -pb uart_alu_system_top_timing_summary_routed.pb -rpx uart_alu_system_top_timing_summary_routed.rpx -warn_on_violation
| Design       : uart_alu_system_top
| Device       : 7a35t-cpg236
| Speed File   : -1  PRODUCTION 1.23 2018-06-13
| Design State : Routed
------------------------------------------------------------------------------------------------------------------------------------------------------------------------------------------------------------------------------------------------------

Timing Summary Report

------------------------------------------------------------------------------------------------
| Timer Settings
| --------------
------------------------------------------------------------------------------------------------

  Enable Multi Corner Analysis               :  Yes
  Enable Pessimism Removal                   :  Yes
  Pessimism Removal Resolution               :  Nearest Common Node
  Enable Input Delay Default Clock           :  No
  Enable Preset / Clear Arcs                 :  No
  Disable Flight Delays                      :  No
  Ignore I/O Paths                           :  No
  Timing Early Launch at Borrowing Latches   :  No
  Borrow Time for Max Delay Exceptions       :  Yes
  Merge Timing Exceptions                    :  Yes
  Inter-SLR Compensation                     :  Conservative

  Corner  Analyze    Analyze    
  Name    Max Paths  Min Paths  
  ------  ---------  ---------  
  Slow    Yes        Yes        
  Fast    Yes        Yes        


------------------------------------------------------------------------------------------------
| Report Methodology
| ------------------
------------------------------------------------------------------------------------------------

Rule       Severity  Description                    Violations  
---------  --------  -----------------------------  ----------  
TIMING-18  Warning   Missing input or output delay  3           

Note: This report is based on the most recent report_methodology run and may not be up-to-date. Run report_methodology on the current design for the latest report.



check_timing report

Table of Contents
-----------------
1. checking no_clock (0)
2. checking constant_clock (0)
3. checking pulse_width_clock (0)
4. checking unconstrained_internal_endpoints (0)
5. checking no_input_delay (2)
6. checking no_output_delay (1)
7. checking multiple_clock (0)
8. checking generated_clocks (0)
9. checking loops (0)
10. checking partial_input_delay (0)
11. checking partial_output_delay (0)
12. checking latch_loops (0)

1. checking no_clock (0)
------------------------
 There are 0 register/latch pins with no clock.


2. checking constant_clock (0)
------------------------------
 There are 0 register/latch pins with constant_clock.


3. checking pulse_width_clock (0)
---------------------------------
 There are 0 register/latch pins which need pulse_width check


4. checking unconstrained_internal_endpoints (0)
------------------------------------------------
 There are 0 pins that are not constrained for maximum delay.

 There are 0 pins that are not constrained for maximum delay due to constant clock.


5. checking no_input_delay (2)
------------------------------
 There are 2 input ports with no input delay specified. (HIGH)

 There are 0 input ports with no input delay but user has a false path constraint.


6. checking no_output_delay (1)
-------------------------------
 There is 1 port with no output delay specified. (HIGH)

 There are 0 ports with no output delay but user has a false path constraint

 There are 0 ports with no output delay but with a timing clock defined on it or propagating through it


7. checking multiple_clock (0)
------------------------------
 There are 0 register/latch pins with multiple clocks.


8. checking generated_clocks (0)
--------------------------------
 There are 0 generated clocks that are not connected to a clock source.


9. checking loops (0)
---------------------
 There are 0 combinational loops in the design.


10. checking partial_input_delay (0)
------------------------------------
 There are 0 input ports with partial input delay specified.


11. checking partial_output_delay (0)
-------------------------------------
 There are 0 ports with partial output delay specified.


12. checking latch_loops (0)
----------------------------
 There are 0 combinational latch loops in the design through latch input



------------------------------------------------------------------------------------------------
| Design Timing Summary
| ---------------------
------------------------------------------------------------------------------------------------

    WNS(ns)      TNS(ns)  TNS Failing Endpoints  TNS Total Endpoints      WHS(ns)      THS(ns)  THS Failing Endpoints  THS Total Endpoints     WPWS(ns)     TPWS(ns)  TPWS Failing Endpoints  TPWS Total Endpoints  
    -------      -------  ---------------------  -------------------      -------      -------  ---------------------  -------------------     --------     --------  ----------------------  --------------------  
      5.417        0.000                      0                  150        0.200        0.000                      0                  150        4.500        0.000                       0                    85  


All user specified timing constraints are met.


------------------------------------------------------------------------------------------------
| Clock Summary
| -------------
------------------------------------------------------------------------------------------------

Clock        Waveform(ns)       Period(ns)      Frequency(MHz)
-----        ------------       ----------      --------------
sys_clk_pin  {0.000 5.000}      10.000          100.000         


------------------------------------------------------------------------------------------------
| Intra Clock Table
| -----------------
------------------------------------------------------------------------------------------------

Clock             WNS(ns)      TNS(ns)  TNS Failing Endpoints  TNS Total Endpoints      WHS(ns)      THS(ns)  THS Failing Endpoints  THS Total Endpoints     WPWS(ns)     TPWS(ns)  TPWS Failing Endpoints  TPWS Total Endpoints  
-----             -------      -------  ---------------------  -------------------      -------      -------  ---------------------  -------------------     --------     --------  ----------------------  --------------------  
sys_clk_pin         5.417        0.000                      0                  150        0.200        0.000                      0                  150        4.500        0.000                       0                    85  


------------------------------------------------------------------------------------------------
| Inter Clock Table
| -----------------
------------------------------------------------------------------------------------------------

From Clock    To Clock          WNS(ns)      TNS(ns)  TNS Failing Endpoints  TNS Total Endpoints      WHS(ns)      THS(ns)  THS Failing Endpoints  THS Total Endpoints  
----------    --------          -------      -------  ---------------------  -------------------      -------      -------  ---------------------  -------------------  


------------------------------------------------------------------------------------------------
| Other Path Groups Table
| -----------------------
------------------------------------------------------------------------------------------------

Path Group    From Clock    To Clock          WNS(ns)      TNS(ns)  TNS Failing Endpoints  TNS Total Endpoints      WHS(ns)      THS(ns)  THS Failing Endpoints  THS Total Endpoints  
----------    ----------    --------          -------      -------  ---------------------  -------------------      -------      -------  ---------------------  -------------------  


------------------------------------------------------------------------------------------------
| User Ignored Path Table
| -----------------------
------------------------------------------------------------------------------------------------

Path Group    From Clock    To Clock    
----------    ----------    --------    


------------------------------------------------------------------------------------------------
| Unconstrained Path Table
| ------------------------
------------------------------------------------------------------------------------------------

Path Group    From Clock    To Clock    
----------    ----------    --------    
(none)        sys_clk_pin                 
(none)                      sys_clk_pin   


------------------------------------------------------------------------------------------------
| Timing Details
| --------------
------------------------------------------------------------------------------------------------


---------------------------------------------------------------------------------------------------
From Clock:  sys_clk_pin
  To Clock:  sys_clk_pin

Setup :            0  Failing Endpoints,  Worst Slack        5.417ns,  Total Violation        0.000ns
Hold  :            0  Failing Endpoints,  Worst Slack        0.200ns,  Total Violation        0.000ns
PW    :            0  Failing Endpoints,  Worst Slack        4.500ns,  Total Violation        0.000ns
---------------------------------------------------------------------------------------------------


Max Delay Paths
--------------------------------------------------------------------------------------
Slack (MET) :             5.417ns  (required time - arrival time)
  Source:                 baud_gen_inst/r_reg_reg[5]/C
                            (rising edge-triggered cell FDCE clocked by sys_clk_pin  {rise@0.000ns fall@5.000ns period=10.000ns})
  Destination:            interface_rx_inst/reg_a_reg[5]/CE
                            (rising edge-triggered cell FDCE clocked by sys_clk_pin  {rise@0.000ns fall@5.000ns period=10.000ns})
  Path Group:             sys_clk_pin
  Path Type:              Setup (Max at Slow Process Corner)
  Requirement:            10.000ns  (sys_clk_pin rise@10.000ns - sys_clk_pin rise@0.000ns)
  Data Path Delay:        4.322ns  (logic 0.952ns (22.027%)  route 3.370ns (77.973%))
  Logic Levels:           4  (LUT5=1 LUT6=3)
  Clock Path Skew:        -0.021ns (DCD - SCD + CPR)
    Destination Clock Delay (DCD):    4.845ns = ( 14.845 - 10.000 ) 
    Source Clock Delay      (SCD):    5.137ns
    Clock Pessimism Removal (CPR):    0.271ns
  Clock Uncertainty:      0.035ns  ((TSJ^2 + TIJ^2)^1/2 + DJ) / 2 + PE
    Total System Jitter     (TSJ):    0.071ns
    Total Input Jitter      (TIJ):    0.000ns
    Discrete Jitter          (DJ):    0.000ns
    Phase Error              (PE):    0.000ns

    Location             Delay type                Incr(ns)  Path(ns)    Netlist Resource(s)
  -------------------------------------------------------------------    -------------------
                         (clock sys_clk_pin rise edge)
                                                      0.000     0.000 r  
    W5                                                0.000     0.000 r  clk (IN)
                         net (fo=0)                   0.000     0.000    clk
    W5                   IBUF (Prop_ibuf_I_O)         1.458     1.458 r  clk_IBUF_inst/O
                         net (fo=1, routed)           1.967     3.425    clk_IBUF
    BUFGCTRL_X0Y0        BUFG (Prop_bufg_I_O)         0.096     3.521 r  clk_IBUF_BUFG_inst/O
                         net (fo=84, routed)          1.616     5.137    baud_gen_inst/CLK
    SLICE_X4Y65          FDCE                                         r  baud_gen_inst/r_reg_reg[5]/C
  -------------------------------------------------------------------    -------------------
    SLICE_X4Y65          FDCE (Prop_fdce_C_Q)         0.456     5.593 f  baud_gen_inst/r_reg_reg[5]/Q
                         net (fo=5, routed)           0.855     6.448    baud_gen_inst/r_reg[5]
    SLICE_X3Y65          LUT6 (Prop_lut6_I1_O)        0.124     6.572 f  baud_gen_inst/r_reg[7]_i_2/O
                         net (fo=5, routed)           0.413     6.985    baud_gen_inst/r_reg[7]_i_2_n_0
    SLICE_X3Y66          LUT5 (Prop_lut5_I0_O)        0.124     7.109 r  baud_gen_inst/s_reg[3]_i_3/O
                         net (fo=7, routed)           0.965     8.074    rx_inst/s_reg_reg[0]_0
    SLICE_X4Y57          LUT6 (Prop_lut6_I4_O)        0.124     8.198 r  rx_inst/FSM_onehot_count_reg[3]_i_2/O
                         net (fo=5, routed)           0.498     8.696    rx_inst/FSM_onehot_count_reg[3]_i_2_n_0
    SLICE_X3Y59          LUT6 (Prop_lut6_I2_O)        0.124     8.820 r  rx_inst/reg_a[7]_i_1/O
                         net (fo=8, routed)           0.639     9.459    interface_rx_inst/reg_a_reg[7]_1[0]
    SLICE_X4Y61          FDCE                                         r  interface_rx_inst/reg_a_reg[5]/CE
  -------------------------------------------------------------------    -------------------

                         (clock sys_clk_pin rise edge)
                                                     10.000    10.000 r  
    W5                                                0.000    10.000 r  clk (IN)
                         net (fo=0)                   0.000    10.000    clk
    W5                   IBUF (Prop_ibuf_I_O)         1.388    11.388 r  clk_IBUF_inst/O
                         net (fo=1, routed)           1.862    13.250    clk_IBUF
    BUFGCTRL_X0Y0        BUFG (Prop_bufg_I_O)         0.091    13.341 r  clk_IBUF_BUFG_inst/O
                         net (fo=84, routed)          1.504    14.845    interface_rx_inst/CLK
    SLICE_X4Y61          FDCE                                         r  interface_rx_inst/reg_a_reg[5]/C
                         clock pessimism              0.271    15.116    
                         clock uncertainty           -0.035    15.081    
    SLICE_X4Y61          FDCE (Setup_fdce_C_CE)      -0.205    14.876    interface_rx_inst/reg_a_reg[5]
  -------------------------------------------------------------------
                         required time                         14.876    
                         arrival time                          -9.459    
  -------------------------------------------------------------------
                         slack                                  5.417    

Slack (MET) :             5.417ns  (required time - arrival time)
  Source:                 baud_gen_inst/r_reg_reg[5]/C
                            (rising edge-triggered cell FDCE clocked by sys_clk_pin  {rise@0.000ns fall@5.000ns period=10.000ns})
  Destination:            interface_rx_inst/reg_a_reg[6]/CE
                            (rising edge-triggered cell FDCE clocked by sys_clk_pin  {rise@0.000ns fall@5.000ns period=10.000ns})
  Path Group:             sys_clk_pin
  Path Type:              Setup (Max at Slow Process Corner)
  Requirement:            10.000ns  (sys_clk_pin rise@10.000ns - sys_clk_pin rise@0.000ns)
  Data Path Delay:        4.322ns  (logic 0.952ns (22.027%)  route 3.370ns (77.973%))
  Logic Levels:           4  (LUT5=1 LUT6=3)
  Clock Path Skew:        -0.021ns (DCD - SCD + CPR)
    Destination Clock Delay (DCD):    4.845ns = ( 14.845 - 10.000 ) 
    Source Clock Delay      (SCD):    5.137ns
    Clock Pessimism Removal (CPR):    0.271ns
  Clock Uncertainty:      0.035ns  ((TSJ^2 + TIJ^2)^1/2 + DJ) / 2 + PE
    Total System Jitter     (TSJ):    0.071ns
    Total Input Jitter      (TIJ):    0.000ns
    Discrete Jitter          (DJ):    0.000ns
    Phase Error              (PE):    0.000ns

    Location             Delay type                Incr(ns)  Path(ns)    Netlist Resource(s)
  -------------------------------------------------------------------    -------------------
                         (clock sys_clk_pin rise edge)
                                                      0.000     0.000 r  
    W5                                                0.000     0.000 r  clk (IN)
                         net (fo=0)                   0.000     0.000    clk
    W5                   IBUF (Prop_ibuf_I_O)         1.458     1.458 r  clk_IBUF_inst/O
                         net (fo=1, routed)           1.967     3.425    clk_IBUF
    BUFGCTRL_X0Y0        BUFG (Prop_bufg_I_O)         0.096     3.521 r  clk_IBUF_BUFG_inst/O
                         net (fo=84, routed)          1.616     5.137    baud_gen_inst/CLK
    SLICE_X4Y65          FDCE                                         r  baud_gen_inst/r_reg_reg[5]/C
  -------------------------------------------------------------------    -------------------
    SLICE_X4Y65          FDCE (Prop_fdce_C_Q)         0.456     5.593 f  baud_gen_inst/r_reg_reg[5]/Q
                         net (fo=5, routed)           0.855     6.448    baud_gen_inst/r_reg[5]
    SLICE_X3Y65          LUT6 (Prop_lut6_I1_O)        0.124     6.572 f  baud_gen_inst/r_reg[7]_i_2/O
                         net (fo=5, routed)           0.413     6.985    baud_gen_inst/r_reg[7]_i_2_n_0
    SLICE_X3Y66          LUT5 (Prop_lut5_I0_O)        0.124     7.109 r  baud_gen_inst/s_reg[3]_i_3/O
                         net (fo=7, routed)           0.965     8.074    rx_inst/s_reg_reg[0]_0
    SLICE_X4Y57          LUT6 (Prop_lut6_I4_O)        0.124     8.198 r  rx_inst/FSM_onehot_count_reg[3]_i_2/O
                         net (fo=5, routed)           0.498     8.696    rx_inst/FSM_onehot_count_reg[3]_i_2_n_0
    SLICE_X3Y59          LUT6 (Prop_lut6_I2_O)        0.124     8.820 r  rx_inst/reg_a[7]_i_1/O
                         net (fo=8, routed)           0.639     9.459    interface_rx_inst/reg_a_reg[7]_1[0]
    SLICE_X4Y61          FDCE                                         r  interface_rx_inst/reg_a_reg[6]/CE
  -------------------------------------------------------------------    -------------------

                         (clock sys_clk_pin rise edge)
                                                     10.000    10.000 r  
    W5                                                0.000    10.000 r  clk (IN)
                         net (fo=0)                   0.000    10.000    clk
    W5                   IBUF (Prop_ibuf_I_O)         1.388    11.388 r  clk_IBUF_inst/O
                         net (fo=1, routed)           1.862    13.250    clk_IBUF
    BUFGCTRL_X0Y0        BUFG (Prop_bufg_I_O)         0.091    13.341 r  clk_IBUF_BUFG_inst/O
                         net (fo=84, routed)          1.504    14.845    interface_rx_inst/CLK
    SLICE_X4Y61          FDCE                                         r  interface_rx_inst/reg_a_reg[6]/C
                         clock pessimism              0.271    15.116    
                         clock uncertainty           -0.035    15.081    
    SLICE_X4Y61          FDCE (Setup_fdce_C_CE)      -0.205    14.876    interface_rx_inst/reg_a_reg[6]
  -------------------------------------------------------------------
                         required time                         14.876    
                         arrival time                          -9.459    
  -------------------------------------------------------------------
                         slack                                  5.417    

Slack (MET) :             5.417ns  (required time - arrival time)
  Source:                 baud_gen_inst/r_reg_reg[5]/C
                            (rising edge-triggered cell FDCE clocked by sys_clk_pin  {rise@0.000ns fall@5.000ns period=10.000ns})
  Destination:            interface_rx_inst/reg_a_reg[7]/CE
                            (rising edge-triggered cell FDCE clocked by sys_clk_pin  {rise@0.000ns fall@5.000ns period=10.000ns})
  Path Group:             sys_clk_pin
  Path Type:              Setup (Max at Slow Process Corner)
  Requirement:            10.000ns  (sys_clk_pin rise@10.000ns - sys_clk_pin rise@0.000ns)
  Data Path Delay:        4.322ns  (logic 0.952ns (22.027%)  route 3.370ns (77.973%))
  Logic Levels:           4  (LUT5=1 LUT6=3)
  Clock Path Skew:        -0.021ns (DCD - SCD + CPR)
    Destination Clock Delay (DCD):    4.845ns = ( 14.845 - 10.000 ) 
    Source Clock Delay      (SCD):    5.137ns
    Clock Pessimism Removal (CPR):    0.271ns
  Clock Uncertainty:      0.035ns  ((TSJ^2 + TIJ^2)^1/2 + DJ) / 2 + PE
    Total System Jitter     (TSJ):    0.071ns
    Total Input Jitter      (TIJ):    0.000ns
    Discrete Jitter          (DJ):    0.000ns
    Phase Error              (PE):    0.000ns

    Location             Delay type                Incr(ns)  Path(ns)    Netlist Resource(s)
  -------------------------------------------------------------------    -------------------
                         (clock sys_clk_pin rise edge)
                                                      0.000     0.000 r  
    W5                                                0.000     0.000 r  clk (IN)
                         net (fo=0)                   0.000     0.000    clk
    W5                   IBUF (Prop_ibuf_I_O)         1.458     1.458 r  clk_IBUF_inst/O
                         net (fo=1, routed)           1.967     3.425    clk_IBUF
    BUFGCTRL_X0Y0        BUFG (Prop_bufg_I_O)         0.096     3.521 r  clk_IBUF_BUFG_inst/O
                         net (fo=84, routed)          1.616     5.137    baud_gen_inst/CLK
    SLICE_X4Y65          FDCE                                         r  baud_gen_inst/r_reg_reg[5]/C
  -------------------------------------------------------------------    -------------------
    SLICE_X4Y65          FDCE (Prop_fdce_C_Q)         0.456     5.593 f  baud_gen_inst/r_reg_reg[5]/Q
                         net (fo=5, routed)           0.855     6.448    baud_gen_inst/r_reg[5]
    SLICE_X3Y65          LUT6 (Prop_lut6_I1_O)        0.124     6.572 f  baud_gen_inst/r_reg[7]_i_2/O
                         net (fo=5, routed)           0.413     6.985    baud_gen_inst/r_reg[7]_i_2_n_0
    SLICE_X3Y66          LUT5 (Prop_lut5_I0_O)        0.124     7.109 r  baud_gen_inst/s_reg[3]_i_3/O
                         net (fo=7, routed)           0.965     8.074    rx_inst/s_reg_reg[0]_0
    SLICE_X4Y57          LUT6 (Prop_lut6_I4_O)        0.124     8.198 r  rx_inst/FSM_onehot_count_reg[3]_i_2/O
                         net (fo=5, routed)           0.498     8.696    rx_inst/FSM_onehot_count_reg[3]_i_2_n_0
    SLICE_X3Y59          LUT6 (Prop_lut6_I2_O)        0.124     8.820 r  rx_inst/reg_a[7]_i_1/O
                         net (fo=8, routed)           0.639     9.459    interface_rx_inst/reg_a_reg[7]_1[0]
    SLICE_X4Y61          FDCE                                         r  interface_rx_inst/reg_a_reg[7]/CE
  -------------------------------------------------------------------    -------------------

                         (clock sys_clk_pin rise edge)
                                                     10.000    10.000 r  
    W5                                                0.000    10.000 r  clk (IN)
                         net (fo=0)                   0.000    10.000    clk
    W5                   IBUF (Prop_ibuf_I_O)         1.388    11.388 r  clk_IBUF_inst/O
                         net (fo=1, routed)           1.862    13.250    clk_IBUF
    BUFGCTRL_X0Y0        BUFG (Prop_bufg_I_O)         0.091    13.341 r  clk_IBUF_BUFG_inst/O
                         net (fo=84, routed)          1.504    14.845    interface_rx_inst/CLK
    SLICE_X4Y61          FDCE                                         r  interface_rx_inst/reg_a_reg[7]/C
                         clock pessimism              0.271    15.116    
                         clock uncertainty           -0.035    15.081    
    SLICE_X4Y61          FDCE (Setup_fdce_C_CE)      -0.205    14.876    interface_rx_inst/reg_a_reg[7]
  -------------------------------------------------------------------
                         required time                         14.876    
                         arrival time                          -9.459    
  -------------------------------------------------------------------
                         slack                                  5.417    

Slack (MET) :             5.442ns  (required time - arrival time)
  Source:                 baud_gen_inst/r_reg_reg[5]/C
                            (rising edge-triggered cell FDCE clocked by sys_clk_pin  {rise@0.000ns fall@5.000ns period=10.000ns})
  Destination:            interface_rx_inst/reg_b_reg[0]/CE
                            (rising edge-triggered cell FDCE clocked by sys_clk_pin  {rise@0.000ns fall@5.000ns period=10.000ns})
  Path Group:             sys_clk_pin
  Path Type:              Setup (Max at Slow Process Corner)
  Requirement:            10.000ns  (sys_clk_pin rise@10.000ns - sys_clk_pin rise@0.000ns)
  Data Path Delay:        4.296ns  (logic 0.952ns (22.158%)  route 3.344ns (77.842%))
  Logic Levels:           4  (LUT5=1 LUT6=3)
  Clock Path Skew:        -0.021ns (DCD - SCD + CPR)
    Destination Clock Delay (DCD):    4.845ns = ( 14.845 - 10.000 ) 
    Source Clock Delay      (SCD):    5.137ns
    Clock Pessimism Removal (CPR):    0.271ns
  Clock Uncertainty:      0.035ns  ((TSJ^2 + TIJ^2)^1/2 + DJ) / 2 + PE
    Total System Jitter     (TSJ):    0.071ns
    Total Input Jitter      (TIJ):    0.000ns
    Discrete Jitter          (DJ):    0.000ns
    Phase Error              (PE):    0.000ns

    Location             Delay type                Incr(ns)  Path(ns)    Netlist Resource(s)
  -------------------------------------------------------------------    -------------------
                         (clock sys_clk_pin rise edge)
                                                      0.000     0.000 r  
    W5                                                0.000     0.000 r  clk (IN)
                         net (fo=0)                   0.000     0.000    clk
    W5                   IBUF (Prop_ibuf_I_O)         1.458     1.458 r  clk_IBUF_inst/O
                         net (fo=1, routed)           1.967     3.425    clk_IBUF
    BUFGCTRL_X0Y0        BUFG (Prop_bufg_I_O)         0.096     3.521 r  clk_IBUF_BUFG_inst/O
                         net (fo=84, routed)          1.616     5.137    baud_gen_inst/CLK
    SLICE_X4Y65          FDCE                                         r  baud_gen_inst/r_reg_reg[5]/C
  -------------------------------------------------------------------    -------------------
    SLICE_X4Y65          FDCE (Prop_fdce_C_Q)         0.456     5.593 f  baud_gen_inst/r_reg_reg[5]/Q
                         net (fo=5, routed)           0.855     6.448    baud_gen_inst/r_reg[5]
    SLICE_X3Y65          LUT6 (Prop_lut6_I1_O)        0.124     6.572 f  baud_gen_inst/r_reg[7]_i_2/O
                         net (fo=5, routed)           0.413     6.985    baud_gen_inst/r_reg[7]_i_2_n_0
    SLICE_X3Y66          LUT5 (Prop_lut5_I0_O)        0.124     7.109 r  baud_gen_inst/s_reg[3]_i_3/O
                         net (fo=7, routed)           0.965     8.074    rx_inst/s_reg_reg[0]_0
    SLICE_X4Y57          LUT6 (Prop_lut6_I4_O)        0.124     8.198 r  rx_inst/FSM_onehot_count_reg[3]_i_2/O
                         net (fo=5, routed)           0.610     8.808    rx_inst/FSM_onehot_count_reg[3]_i_2_n_0
    SLICE_X3Y59          LUT6 (Prop_lut6_I2_O)        0.124     8.932 r  rx_inst/reg_b[7]_i_1/O
                         net (fo=8, routed)           0.502     9.433    interface_rx_inst/reg_b_reg[7]_1[0]
    SLICE_X5Y61          FDCE                                         r  interface_rx_inst/reg_b_reg[0]/CE
  -------------------------------------------------------------------    -------------------

                         (clock sys_clk_pin rise edge)
                                                     10.000    10.000 r  
    W5                                                0.000    10.000 r  clk (IN)
                         net (fo=0)                   0.000    10.000    clk
    W5                   IBUF (Prop_ibuf_I_O)         1.388    11.388 r  clk_IBUF_inst/O
                         net (fo=1, routed)           1.862    13.250    clk_IBUF
    BUFGCTRL_X0Y0        BUFG (Prop_bufg_I_O)         0.091    13.341 r  clk_IBUF_BUFG_inst/O
                         net (fo=84, routed)          1.504    14.845    interface_rx_inst/CLK
    SLICE_X5Y61          FDCE                                         r  interface_rx_inst/reg_b_reg[0]/C
                         clock pessimism              0.271    15.116    
                         clock uncertainty           -0.035    15.081    
    SLICE_X5Y61          FDCE (Setup_fdce_C_CE)      -0.205    14.876    interface_rx_inst/reg_b_reg[0]
  -------------------------------------------------------------------
                         required time                         14.876    
                         arrival time                          -9.433    
  -------------------------------------------------------------------
                         slack                                  5.442    

Slack (MET) :             5.442ns  (required time - arrival time)
  Source:                 baud_gen_inst/r_reg_reg[5]/C
                            (rising edge-triggered cell FDCE clocked by sys_clk_pin  {rise@0.000ns fall@5.000ns period=10.000ns})
  Destination:            interface_rx_inst/reg_b_reg[1]/CE
                            (rising edge-triggered cell FDCE clocked by sys_clk_pin  {rise@0.000ns fall@5.000ns period=10.000ns})
  Path Group:             sys_clk_pin
  Path Type:              Setup (Max at Slow Process Corner)
  Requirement:            10.000ns  (sys_clk_pin rise@10.000ns - sys_clk_pin rise@0.000ns)
  Data Path Delay:        4.296ns  (logic 0.952ns (22.158%)  route 3.344ns (77.842%))
  Logic Levels:           4  (LUT5=1 LUT6=3)
  Clock Path Skew:        -0.021ns (DCD - SCD + CPR)
    Destination Clock Delay (DCD):    4.845ns = ( 14.845 - 10.000 ) 
    Source Clock Delay      (SCD):    5.137ns
    Clock Pessimism Removal (CPR):    0.271ns
  Clock Uncertainty:      0.035ns  ((TSJ^2 + TIJ^2)^1/2 + DJ) / 2 + PE
    Total System Jitter     (TSJ):    0.071ns
    Total Input Jitter      (TIJ):    0.000ns
    Discrete Jitter          (DJ):    0.000ns
    Phase Error              (PE):    0.000ns

    Location             Delay type                Incr(ns)  Path(ns)    Netlist Resource(s)
  -------------------------------------------------------------------    -------------------
                         (clock sys_clk_pin rise edge)
                                                      0.000     0.000 r  
    W5                                                0.000     0.000 r  clk (IN)
                         net (fo=0)                   0.000     0.000    clk
    W5                   IBUF (Prop_ibuf_I_O)         1.458     1.458 r  clk_IBUF_inst/O
                         net (fo=1, routed)           1.967     3.425    clk_IBUF
    BUFGCTRL_X0Y0        BUFG (Prop_bufg_I_O)         0.096     3.521 r  clk_IBUF_BUFG_inst/O
                         net (fo=84, routed)          1.616     5.137    baud_gen_inst/CLK
    SLICE_X4Y65          FDCE                                         r  baud_gen_inst/r_reg_reg[5]/C
  -------------------------------------------------------------------    -------------------
    SLICE_X4Y65          FDCE (Prop_fdce_C_Q)         0.456     5.593 f  baud_gen_inst/r_reg_reg[5]/Q
                         net (fo=5, routed)           0.855     6.448    baud_gen_inst/r_reg[5]
    SLICE_X3Y65          LUT6 (Prop_lut6_I1_O)        0.124     6.572 f  baud_gen_inst/r_reg[7]_i_2/O
                         net (fo=5, routed)           0.413     6.985    baud_gen_inst/r_reg[7]_i_2_n_0
    SLICE_X3Y66          LUT5 (Prop_lut5_I0_O)        0.124     7.109 r  baud_gen_inst/s_reg[3]_i_3/O
                         net (fo=7, routed)           0.965     8.074    rx_inst/s_reg_reg[0]_0
    SLICE_X4Y57          LUT6 (Prop_lut6_I4_O)        0.124     8.198 r  rx_inst/FSM_onehot_count_reg[3]_i_2/O
                         net (fo=5, routed)           0.610     8.808    rx_inst/FSM_onehot_count_reg[3]_i_2_n_0
    SLICE_X3Y59          LUT6 (Prop_lut6_I2_O)        0.124     8.932 r  rx_inst/reg_b[7]_i_1/O
                         net (fo=8, routed)           0.502     9.433    interface_rx_inst/reg_b_reg[7]_1[0]
    SLICE_X5Y61          FDCE                                         r  interface_rx_inst/reg_b_reg[1]/CE
  -------------------------------------------------------------------    -------------------

                         (clock sys_clk_pin rise edge)
                                                     10.000    10.000 r  
    W5                                                0.000    10.000 r  clk (IN)
                         net (fo=0)                   0.000    10.000    clk
    W5                   IBUF (Prop_ibuf_I_O)         1.388    11.388 r  clk_IBUF_inst/O
                         net (fo=1, routed)           1.862    13.250    clk_IBUF
    BUFGCTRL_X0Y0        BUFG (Prop_bufg_I_O)         0.091    13.341 r  clk_IBUF_BUFG_inst/O
                         net (fo=84, routed)          1.504    14.845    interface_rx_inst/CLK
    SLICE_X5Y61          FDCE                                         r  interface_rx_inst/reg_b_reg[1]/C
                         clock pessimism              0.271    15.116    
                         clock uncertainty           -0.035    15.081    
    SLICE_X5Y61          FDCE (Setup_fdce_C_CE)      -0.205    14.876    interface_rx_inst/reg_b_reg[1]
  -------------------------------------------------------------------
                         required time                         14.876    
                         arrival time                          -9.433    
  -------------------------------------------------------------------
                         slack                                  5.442    

Slack (MET) :             5.442ns  (required time - arrival time)
  Source:                 baud_gen_inst/r_reg_reg[5]/C
                            (rising edge-triggered cell FDCE clocked by sys_clk_pin  {rise@0.000ns fall@5.000ns period=10.000ns})
  Destination:            interface_rx_inst/reg_b_reg[2]/CE
                            (rising edge-triggered cell FDCE clocked by sys_clk_pin  {rise@0.000ns fall@5.000ns period=10.000ns})
  Path Group:             sys_clk_pin
  Path Type:              Setup (Max at Slow Process Corner)
  Requirement:            10.000ns  (sys_clk_pin rise@10.000ns - sys_clk_pin rise@0.000ns)
  Data Path Delay:        4.296ns  (logic 0.952ns (22.158%)  route 3.344ns (77.842%))
  Logic Levels:           4  (LUT5=1 LUT6=3)
  Clock Path Skew:        -0.021ns (DCD - SCD + CPR)
    Destination Clock Delay (DCD):    4.845ns = ( 14.845 - 10.000 ) 
    Source Clock Delay      (SCD):    5.137ns
    Clock Pessimism Removal (CPR):    0.271ns
  Clock Uncertainty:      0.035ns  ((TSJ^2 + TIJ^2)^1/2 + DJ) / 2 + PE
    Total System Jitter     (TSJ):    0.071ns
    Total Input Jitter      (TIJ):    0.000ns
    Discrete Jitter          (DJ):    0.000ns
    Phase Error              (PE):    0.000ns

    Location             Delay type                Incr(ns)  Path(ns)    Netlist Resource(s)
  -------------------------------------------------------------------    -------------------
                         (clock sys_clk_pin rise edge)
                                                      0.000     0.000 r  
    W5                                                0.000     0.000 r  clk (IN)
                         net (fo=0)                   0.000     0.000    clk
    W5                   IBUF (Prop_ibuf_I_O)         1.458     1.458 r  clk_IBUF_inst/O
                         net (fo=1, routed)           1.967     3.425    clk_IBUF
    BUFGCTRL_X0Y0        BUFG (Prop_bufg_I_O)         0.096     3.521 r  clk_IBUF_BUFG_inst/O
                         net (fo=84, routed)          1.616     5.137    baud_gen_inst/CLK
    SLICE_X4Y65          FDCE                                         r  baud_gen_inst/r_reg_reg[5]/C
  -------------------------------------------------------------------    -------------------
    SLICE_X4Y65          FDCE (Prop_fdce_C_Q)         0.456     5.593 f  baud_gen_inst/r_reg_reg[5]/Q
                         net (fo=5, routed)           0.855     6.448    baud_gen_inst/r_reg[5]
    SLICE_X3Y65          LUT6 (Prop_lut6_I1_O)        0.124     6.572 f  baud_gen_inst/r_reg[7]_i_2/O
                         net (fo=5, routed)           0.413     6.985    baud_gen_inst/r_reg[7]_i_2_n_0
    SLICE_X3Y66          LUT5 (Prop_lut5_I0_O)        0.124     7.109 r  baud_gen_inst/s_reg[3]_i_3/O
                         net (fo=7, routed)           0.965     8.074    rx_inst/s_reg_reg[0]_0
    SLICE_X4Y57          LUT6 (Prop_lut6_I4_O)        0.124     8.198 r  rx_inst/FSM_onehot_count_reg[3]_i_2/O
                         net (fo=5, routed)           0.610     8.808    rx_inst/FSM_onehot_count_reg[3]_i_2_n_0
    SLICE_X3Y59          LUT6 (Prop_lut6_I2_O)        0.124     8.932 r  rx_inst/reg_b[7]_i_1/O
                         net (fo=8, routed)           0.502     9.433    interface_rx_inst/reg_b_reg[7]_1[0]
    SLICE_X5Y61          FDCE                                         r  interface_rx_inst/reg_b_reg[2]/CE
  -------------------------------------------------------------------    -------------------

                         (clock sys_clk_pin rise edge)
                                                     10.000    10.000 r  
    W5                                                0.000    10.000 r  clk (IN)
                         net (fo=0)                   0.000    10.000    clk
    W5                   IBUF (Prop_ibuf_I_O)         1.388    11.388 r  clk_IBUF_inst/O
                         net (fo=1, routed)           1.862    13.250    clk_IBUF
    BUFGCTRL_X0Y0        BUFG (Prop_bufg_I_O)         0.091    13.341 r  clk_IBUF_BUFG_inst/O
                         net (fo=84, routed)          1.504    14.845    interface_rx_inst/CLK
    SLICE_X5Y61          FDCE                                         r  interface_rx_inst/reg_b_reg[2]/C
                         clock pessimism              0.271    15.116    
                         clock uncertainty           -0.035    15.081    
    SLICE_X5Y61          FDCE (Setup_fdce_C_CE)      -0.205    14.876    interface_rx_inst/reg_b_reg[2]
  -------------------------------------------------------------------
                         required time                         14.876    
                         arrival time                          -9.433    
  -------------------------------------------------------------------
                         slack                                  5.442    

Slack (MET) :             5.442ns  (required time - arrival time)
  Source:                 baud_gen_inst/r_reg_reg[5]/C
                            (rising edge-triggered cell FDCE clocked by sys_clk_pin  {rise@0.000ns fall@5.000ns period=10.000ns})
  Destination:            interface_rx_inst/reg_b_reg[4]/CE
                            (rising edge-triggered cell FDCE clocked by sys_clk_pin  {rise@0.000ns fall@5.000ns period=10.000ns})
  Path Group:             sys_clk_pin
  Path Type:              Setup (Max at Slow Process Corner)
  Requirement:            10.000ns  (sys_clk_pin rise@10.000ns - sys_clk_pin rise@0.000ns)
  Data Path Delay:        4.296ns  (logic 0.952ns (22.158%)  route 3.344ns (77.842%))
  Logic Levels:           4  (LUT5=1 LUT6=3)
  Clock Path Skew:        -0.021ns (DCD - SCD + CPR)
    Destination Clock Delay (DCD):    4.845ns = ( 14.845 - 10.000 ) 
    Source Clock Delay      (SCD):    5.137ns
    Clock Pessimism Removal (CPR):    0.271ns
  Clock Uncertainty:      0.035ns  ((TSJ^2 + TIJ^2)^1/2 + DJ) / 2 + PE
    Total System Jitter     (TSJ):    0.071ns
    Total Input Jitter      (TIJ):    0.000ns
    Discrete Jitter          (DJ):    0.000ns
    Phase Error              (PE):    0.000ns

    Location             Delay type                Incr(ns)  Path(ns)    Netlist Resource(s)
  -------------------------------------------------------------------    -------------------
                         (clock sys_clk_pin rise edge)
                                                      0.000     0.000 r  
    W5                                                0.000     0.000 r  clk (IN)
                         net (fo=0)                   0.000     0.000    clk
    W5                   IBUF (Prop_ibuf_I_O)         1.458     1.458 r  clk_IBUF_inst/O
                         net (fo=1, routed)           1.967     3.425    clk_IBUF
    BUFGCTRL_X0Y0        BUFG (Prop_bufg_I_O)         0.096     3.521 r  clk_IBUF_BUFG_inst/O
                         net (fo=84, routed)          1.616     5.137    baud_gen_inst/CLK
    SLICE_X4Y65          FDCE                                         r  baud_gen_inst/r_reg_reg[5]/C
  -------------------------------------------------------------------    -------------------
    SLICE_X4Y65          FDCE (Prop_fdce_C_Q)         0.456     5.593 f  baud_gen_inst/r_reg_reg[5]/Q
                         net (fo=5, routed)           0.855     6.448    baud_gen_inst/r_reg[5]
    SLICE_X3Y65          LUT6 (Prop_lut6_I1_O)        0.124     6.572 f  baud_gen_inst/r_reg[7]_i_2/O
                         net (fo=5, routed)           0.413     6.985    baud_gen_inst/r_reg[7]_i_2_n_0
    SLICE_X3Y66          LUT5 (Prop_lut5_I0_O)        0.124     7.109 r  baud_gen_inst/s_reg[3]_i_3/O
                         net (fo=7, routed)           0.965     8.074    rx_inst/s_reg_reg[0]_0
    SLICE_X4Y57          LUT6 (Prop_lut6_I4_O)        0.124     8.198 r  rx_inst/FSM_onehot_count_reg[3]_i_2/O
                         net (fo=5, routed)           0.610     8.808    rx_inst/FSM_onehot_count_reg[3]_i_2_n_0
    SLICE_X3Y59          LUT6 (Prop_lut6_I2_O)        0.124     8.932 r  rx_inst/reg_b[7]_i_1/O
                         net (fo=8, routed)           0.502     9.433    interface_rx_inst/reg_b_reg[7]_1[0]
    SLICE_X5Y61          FDCE                                         r  interface_rx_inst/reg_b_reg[4]/CE
  -------------------------------------------------------------------    -------------------

                         (clock sys_clk_pin rise edge)
                                                     10.000    10.000 r  
    W5                                                0.000    10.000 r  clk (IN)
                         net (fo=0)                   0.000    10.000    clk
    W5                   IBUF (Prop_ibuf_I_O)         1.388    11.388 r  clk_IBUF_inst/O
                         net (fo=1, routed)           1.862    13.250    clk_IBUF
    BUFGCTRL_X0Y0        BUFG (Prop_bufg_I_O)         0.091    13.341 r  clk_IBUF_BUFG_inst/O
                         net (fo=84, routed)          1.504    14.845    interface_rx_inst/CLK
    SLICE_X5Y61          FDCE                                         r  interface_rx_inst/reg_b_reg[4]/C
                         clock pessimism              0.271    15.116    
                         clock uncertainty           -0.035    15.081    
    SLICE_X5Y61          FDCE (Setup_fdce_C_CE)      -0.205    14.876    interface_rx_inst/reg_b_reg[4]
  -------------------------------------------------------------------
                         required time                         14.876    
                         arrival time                          -9.433    
  -------------------------------------------------------------------
                         slack                                  5.442    

Slack (MET) :             5.453ns  (required time - arrival time)
  Source:                 baud_gen_inst/r_reg_reg[5]/C
                            (rising edge-triggered cell FDCE clocked by sys_clk_pin  {rise@0.000ns fall@5.000ns period=10.000ns})
  Destination:            interface_rx_inst/reg_op_reg[0]/CE
                            (rising edge-triggered cell FDCE clocked by sys_clk_pin  {rise@0.000ns fall@5.000ns period=10.000ns})
  Path Group:             sys_clk_pin
  Path Type:              Setup (Max at Slow Process Corner)
  Requirement:            10.000ns  (sys_clk_pin rise@10.000ns - sys_clk_pin rise@0.000ns)
  Data Path Delay:        4.286ns  (logic 0.952ns (22.211%)  route 3.334ns (77.789%))
  Logic Levels:           4  (LUT5=1 LUT6=3)
  Clock Path Skew:        -0.020ns (DCD - SCD + CPR)
    Destination Clock Delay (DCD):    4.846ns = ( 14.846 - 10.000 ) 
    Source Clock Delay      (SCD):    5.137ns
    Clock Pessimism Removal (CPR):    0.271ns
  Clock Uncertainty:      0.035ns  ((TSJ^2 + TIJ^2)^1/2 + DJ) / 2 + PE
    Total System Jitter     (TSJ):    0.071ns
    Total Input Jitter      (TIJ):    0.000ns
    Discrete Jitter          (DJ):    0.000ns
    Phase Error              (PE):    0.000ns

    Location             Delay type                Incr(ns)  Path(ns)    Netlist Resource(s)
  -------------------------------------------------------------------    -------------------
                         (clock sys_clk_pin rise edge)
                                                      0.000     0.000 r  
    W5                                                0.000     0.000 r  clk (IN)
                         net (fo=0)                   0.000     0.000    clk
    W5                   IBUF (Prop_ibuf_I_O)         1.458     1.458 r  clk_IBUF_inst/O
                         net (fo=1, routed)           1.967     3.425    clk_IBUF
    BUFGCTRL_X0Y0        BUFG (Prop_bufg_I_O)         0.096     3.521 r  clk_IBUF_BUFG_inst/O
                         net (fo=84, routed)          1.616     5.137    baud_gen_inst/CLK
    SLICE_X4Y65          FDCE                                         r  baud_gen_inst/r_reg_reg[5]/C
  -------------------------------------------------------------------    -------------------
    SLICE_X4Y65          FDCE (Prop_fdce_C_Q)         0.456     5.593 f  baud_gen_inst/r_reg_reg[5]/Q
                         net (fo=5, routed)           0.855     6.448    baud_gen_inst/r_reg[5]
    SLICE_X3Y65          LUT6 (Prop_lut6_I1_O)        0.124     6.572 f  baud_gen_inst/r_reg[7]_i_2/O
                         net (fo=5, routed)           0.413     6.985    baud_gen_inst/r_reg[7]_i_2_n_0
    SLICE_X3Y66          LUT5 (Prop_lut5_I0_O)        0.124     7.109 r  baud_gen_inst/s_reg[3]_i_3/O
                         net (fo=7, routed)           0.965     8.074    rx_inst/s_reg_reg[0]_0
    SLICE_X4Y57          LUT6 (Prop_lut6_I4_O)        0.124     8.198 r  rx_inst/FSM_onehot_count_reg[3]_i_2/O
                         net (fo=5, routed)           0.609     8.807    rx_inst/FSM_onehot_count_reg[3]_i_2_n_0
    SLICE_X3Y59          LUT6 (Prop_lut6_I2_O)        0.124     8.931 r  rx_inst/reg_op[5]_i_1/O
                         net (fo=6, routed)           0.492     9.423    interface_rx_inst/reg_op_reg[5]_0[0]
    SLICE_X5Y59          FDCE                                         r  interface_rx_inst/reg_op_reg[0]/CE
  -------------------------------------------------------------------    -------------------

                         (clock sys_clk_pin rise edge)
                                                     10.000    10.000 r  
    W5                                                0.000    10.000 r  clk (IN)
                         net (fo=0)                   0.000    10.000    clk
    W5                   IBUF (Prop_ibuf_I_O)         1.388    11.388 r  clk_IBUF_inst/O
                         net (fo=1, routed)           1.862    13.250    clk_IBUF
    BUFGCTRL_X0Y0        BUFG (Prop_bufg_I_O)         0.091    13.341 r  clk_IBUF_BUFG_inst/O
                         net (fo=84, routed)          1.505    14.846    interface_rx_inst/CLK
    SLICE_X5Y59          FDCE                                         r  interface_rx_inst/reg_op_reg[0]/C
                         clock pessimism              0.271    15.117    
                         clock uncertainty           -0.035    15.082    
    SLICE_X5Y59          FDCE (Setup_fdce_C_CE)      -0.205    14.877    interface_rx_inst/reg_op_reg[0]
  -------------------------------------------------------------------
                         required time                         14.877    
                         arrival time                          -9.423    
  -------------------------------------------------------------------
                         slack                                  5.453    

Slack (MET) :             5.453ns  (required time - arrival time)
  Source:                 baud_gen_inst/r_reg_reg[5]/C
                            (rising edge-triggered cell FDCE clocked by sys_clk_pin  {rise@0.000ns fall@5.000ns period=10.000ns})
  Destination:            interface_rx_inst/reg_op_reg[2]/CE
                            (rising edge-triggered cell FDCE clocked by sys_clk_pin  {rise@0.000ns fall@5.000ns period=10.000ns})
  Path Group:             sys_clk_pin
  Path Type:              Setup (Max at Slow Process Corner)
  Requirement:            10.000ns  (sys_clk_pin rise@10.000ns - sys_clk_pin rise@0.000ns)
  Data Path Delay:        4.286ns  (logic 0.952ns (22.211%)  route 3.334ns (77.789%))
  Logic Levels:           4  (LUT5=1 LUT6=3)
  Clock Path Skew:        -0.020ns (DCD - SCD + CPR)
    Destination Clock Delay (DCD):    4.846ns = ( 14.846 - 10.000 ) 
    Source Clock Delay      (SCD):    5.137ns
    Clock Pessimism Removal (CPR):    0.271ns
  Clock Uncertainty:      0.035ns  ((TSJ^2 + TIJ^2)^1/2 + DJ) / 2 + PE
    Total System Jitter     (TSJ):    0.071ns
    Total Input Jitter      (TIJ):    0.000ns
    Discrete Jitter          (DJ):    0.000ns
    Phase Error              (PE):    0.000ns

    Location             Delay type                Incr(ns)  Path(ns)    Netlist Resource(s)
  -------------------------------------------------------------------    -------------------
                         (clock sys_clk_pin rise edge)
                                                      0.000     0.000 r  
    W5                                                0.000     0.000 r  clk (IN)
                         net (fo=0)                   0.000     0.000    clk
    W5                   IBUF (Prop_ibuf_I_O)         1.458     1.458 r  clk_IBUF_inst/O
                         net (fo=1, routed)           1.967     3.425    clk_IBUF
    BUFGCTRL_X0Y0        BUFG (Prop_bufg_I_O)         0.096     3.521 r  clk_IBUF_BUFG_inst/O
                         net (fo=84, routed)          1.616     5.137    baud_gen_inst/CLK
    SLICE_X4Y65          FDCE                                         r  baud_gen_inst/r_reg_reg[5]/C
  -------------------------------------------------------------------    -------------------
    SLICE_X4Y65          FDCE (Prop_fdce_C_Q)         0.456     5.593 f  baud_gen_inst/r_reg_reg[5]/Q
                         net (fo=5, routed)           0.855     6.448    baud_gen_inst/r_reg[5]
    SLICE_X3Y65          LUT6 (Prop_lut6_I1_O)        0.124     6.572 f  baud_gen_inst/r_reg[7]_i_2/O
                         net (fo=5, routed)           0.413     6.985    baud_gen_inst/r_reg[7]_i_2_n_0
    SLICE_X3Y66          LUT5 (Prop_lut5_I0_O)        0.124     7.109 r  baud_gen_inst/s_reg[3]_i_3/O
                         net (fo=7, routed)           0.965     8.074    rx_inst/s_reg_reg[0]_0
    SLICE_X4Y57          LUT6 (Prop_lut6_I4_O)        0.124     8.198 r  rx_inst/FSM_onehot_count_reg[3]_i_2/O
                         net (fo=5, routed)           0.609     8.807    rx_inst/FSM_onehot_count_reg[3]_i_2_n_0
    SLICE_X3Y59          LUT6 (Prop_lut6_I2_O)        0.124     8.931 r  rx_inst/reg_op[5]_i_1/O
                         net (fo=6, routed)           0.492     9.423    interface_rx_inst/reg_op_reg[5]_0[0]
    SLICE_X5Y59          FDCE                                         r  interface_rx_inst/reg_op_reg[2]/CE
  -------------------------------------------------------------------    -------------------

                         (clock sys_clk_pin rise edge)
                                                     10.000    10.000 r  
    W5                                                0.000    10.000 r  clk (IN)
                         net (fo=0)                   0.000    10.000    clk
    W5                   IBUF (Prop_ibuf_I_O)         1.388    11.388 r  clk_IBUF_inst/O
                         net (fo=1, routed)           1.862    13.250    clk_IBUF
    BUFGCTRL_X0Y0        BUFG (Prop_bufg_I_O)         0.091    13.341 r  clk_IBUF_BUFG_inst/O
                         net (fo=84, routed)          1.505    14.846    interface_rx_inst/CLK
    SLICE_X5Y59          FDCE                                         r  interface_rx_inst/reg_op_reg[2]/C
                         clock pessimism              0.271    15.117    
                         clock uncertainty           -0.035    15.082    
    SLICE_X5Y59          FDCE (Setup_fdce_C_CE)      -0.205    14.877    interface_rx_inst/reg_op_reg[2]
  -------------------------------------------------------------------
                         required time                         14.877    
                         arrival time                          -9.423    
  -------------------------------------------------------------------
                         slack                                  5.453    

Slack (MET) :             5.457ns  (required time - arrival time)
  Source:                 baud_gen_inst/r_reg_reg[5]/C
                            (rising edge-triggered cell FDCE clocked by sys_clk_pin  {rise@0.000ns fall@5.000ns period=10.000ns})
  Destination:            interface_rx_inst/reg_op_reg[1]/CE
                            (rising edge-triggered cell FDCE clocked by sys_clk_pin  {rise@0.000ns fall@5.000ns period=10.000ns})
  Path Group:             sys_clk_pin
  Path Type:              Setup (Max at Slow Process Corner)
  Requirement:            10.000ns  (sys_clk_pin rise@10.000ns - sys_clk_pin rise@0.000ns)
  Data Path Delay:        4.282ns  (logic 0.952ns (22.231%)  route 3.330ns (77.769%))
  Logic Levels:           4  (LUT5=1 LUT6=3)
  Clock Path Skew:        -0.020ns (DCD - SCD + CPR)
    Destination Clock Delay (DCD):    4.846ns = ( 14.846 - 10.000 ) 
    Source Clock Delay      (SCD):    5.137ns
    Clock Pessimism Removal (CPR):    0.271ns
  Clock Uncertainty:      0.035ns  ((TSJ^2 + TIJ^2)^1/2 + DJ) / 2 + PE
    Total System Jitter     (TSJ):    0.071ns
    Total Input Jitter      (TIJ):    0.000ns
    Discrete Jitter          (DJ):    0.000ns
    Phase Error              (PE):    0.000ns

    Location             Delay type                Incr(ns)  Path(ns)    Netlist Resource(s)
  -------------------------------------------------------------------    -------------------
                         (clock sys_clk_pin rise edge)
                                                      0.000     0.000 r  
    W5                                                0.000     0.000 r  clk (IN)
                         net (fo=0)                   0.000     0.000    clk
    W5                   IBUF (Prop_ibuf_I_O)         1.458     1.458 r  clk_IBUF_inst/O
                         net (fo=1, routed)           1.967     3.425    clk_IBUF
    BUFGCTRL_X0Y0        BUFG (Prop_bufg_I_O)         0.096     3.521 r  clk_IBUF_BUFG_inst/O
                         net (fo=84, routed)          1.616     5.137    baud_gen_inst/CLK
    SLICE_X4Y65          FDCE                                         r  baud_gen_inst/r_reg_reg[5]/C
  -------------------------------------------------------------------    -------------------
    SLICE_X4Y65          FDCE (Prop_fdce_C_Q)         0.456     5.593 f  baud_gen_inst/r_reg_reg[5]/Q
                         net (fo=5, routed)           0.855     6.448    baud_gen_inst/r_reg[5]
    SLICE_X3Y65          LUT6 (Prop_lut6_I1_O)        0.124     6.572 f  baud_gen_inst/r_reg[7]_i_2/O
                         net (fo=5, routed)           0.413     6.985    baud_gen_inst/r_reg[7]_i_2_n_0
    SLICE_X3Y66          LUT5 (Prop_lut5_I0_O)        0.124     7.109 r  baud_gen_inst/s_reg[3]_i_3/O
                         net (fo=7, routed)           0.965     8.074    rx_inst/s_reg_reg[0]_0
    SLICE_X4Y57          LUT6 (Prop_lut6_I4_O)        0.124     8.198 r  rx_inst/FSM_onehot_count_reg[3]_i_2/O
                         net (fo=5, routed)           0.609     8.807    rx_inst/FSM_onehot_count_reg[3]_i_2_n_0
    SLICE_X3Y59          LUT6 (Prop_lut6_I2_O)        0.124     8.931 r  rx_inst/reg_op[5]_i_1/O
                         net (fo=6, routed)           0.489     9.419    interface_rx_inst/reg_op_reg[5]_0[0]
    SLICE_X5Y60          FDCE                                         r  interface_rx_inst/reg_op_reg[1]/CE
  -------------------------------------------------------------------    -------------------

                         (clock sys_clk_pin rise edge)
                                                     10.000    10.000 r  
    W5                                                0.000    10.000 r  clk (IN)
                         net (fo=0)                   0.000    10.000    clk
    W5                   IBUF (Prop_ibuf_I_O)         1.388    11.388 r  clk_IBUF_inst/O
                         net (fo=1, routed)           1.862    13.250    clk_IBUF
    BUFGCTRL_X0Y0        BUFG (Prop_bufg_I_O)         0.091    13.341 r  clk_IBUF_BUFG_inst/O
                         net (fo=84, routed)          1.505    14.846    interface_rx_inst/CLK
    SLICE_X5Y60          FDCE                                         r  interface_rx_inst/reg_op_reg[1]/C
                         clock pessimism              0.271    15.117    
                         clock uncertainty           -0.035    15.082    
    SLICE_X5Y60          FDCE (Setup_fdce_C_CE)      -0.205    14.877    interface_rx_inst/reg_op_reg[1]
  -------------------------------------------------------------------
                         required time                         14.877    
                         arrival time                          -9.419    
  -------------------------------------------------------------------
                         slack                                  5.457    





Min Delay Paths
--------------------------------------------------------------------------------------
Slack (MET) :             0.200ns  (arrival time - required time)
  Source:                 rx_inst/b_reg_reg[5]/C
                            (rising edge-triggered cell FDCE clocked by sys_clk_pin  {rise@0.000ns fall@5.000ns period=10.000ns})
  Destination:            interface_rx_inst/reg_b_reg[5]/D
                            (rising edge-triggered cell FDCE clocked by sys_clk_pin  {rise@0.000ns fall@5.000ns period=10.000ns})
  Path Group:             sys_clk_pin
  Path Type:              Hold (Min at Fast Process Corner)
  Requirement:            0.000ns  (sys_clk_pin rise@0.000ns - sys_clk_pin rise@0.000ns)
  Data Path Delay:        0.265ns  (logic 0.141ns (53.167%)  route 0.124ns (46.833%))
  Logic Levels:           0  
  Clock Path Skew:        0.013ns (DCD - SCD - CPR)
    Destination Clock Delay (DCD):    1.987ns
    Source Clock Delay      (SCD):    1.472ns
    Clock Pessimism Removal (CPR):    0.502ns

    Location             Delay type                Incr(ns)  Path(ns)    Netlist Resource(s)
  -------------------------------------------------------------------    -------------------
                         (clock sys_clk_pin rise edge)
                                                      0.000     0.000 r  
    W5                                                0.000     0.000 r  clk (IN)
                         net (fo=0)                   0.000     0.000    clk
    W5                   IBUF (Prop_ibuf_I_O)         0.226     0.226 r  clk_IBUF_inst/O
                         net (fo=1, routed)           0.631     0.858    clk_IBUF
    BUFGCTRL_X0Y0        BUFG (Prop_bufg_I_O)         0.026     0.884 r  clk_IBUF_BUFG_inst/O
                         net (fo=84, routed)          0.589     1.472    rx_inst/CLK
    SLICE_X7Y61          FDCE                                         r  rx_inst/b_reg_reg[5]/C
  -------------------------------------------------------------------    -------------------
    SLICE_X7Y61          FDCE (Prop_fdce_C_Q)         0.141     1.613 r  rx_inst/b_reg_reg[5]/Q
                         net (fo=4, routed)           0.124     1.737    interface_rx_inst/reg_a_reg[7]_2[5]
    SLICE_X6Y61          FDCE                                         r  interface_rx_inst/reg_b_reg[5]/D
  -------------------------------------------------------------------    -------------------

                         (clock sys_clk_pin rise edge)
                                                      0.000     0.000 r  
    W5                                                0.000     0.000 r  clk (IN)
                         net (fo=0)                   0.000     0.000    clk
    W5                   IBUF (Prop_ibuf_I_O)         0.414     0.414 r  clk_IBUF_inst/O
                         net (fo=1, routed)           0.685     1.099    clk_IBUF
    BUFGCTRL_X0Y0        BUFG (Prop_bufg_I_O)         0.029     1.128 r  clk_IBUF_BUFG_inst/O
                         net (fo=84, routed)          0.860     1.987    interface_rx_inst/CLK
    SLICE_X6Y61          FDCE                                         r  interface_rx_inst/reg_b_reg[5]/C
                         clock pessimism             -0.502     1.485    
    SLICE_X6Y61          FDCE (Hold_fdce_C_D)         0.052     1.537    interface_rx_inst/reg_b_reg[5]
  -------------------------------------------------------------------
                         required time                         -1.537    
                         arrival time                           1.737    
  -------------------------------------------------------------------
                         slack                                  0.200    

Slack (MET) :             0.201ns  (arrival time - required time)
  Source:                 baud_gen_inst/r_reg_reg[5]/C
                            (rising edge-triggered cell FDCE clocked by sys_clk_pin  {rise@0.000ns fall@5.000ns period=10.000ns})
  Destination:            baud_gen_inst/r_reg_reg[6]/D
                            (rising edge-triggered cell FDCE clocked by sys_clk_pin  {rise@0.000ns fall@5.000ns period=10.000ns})
  Path Group:             sys_clk_pin
  Path Type:              Hold (Min at Fast Process Corner)
  Requirement:            0.000ns  (sys_clk_pin rise@0.000ns - sys_clk_pin rise@0.000ns)
  Data Path Delay:        0.330ns  (logic 0.186ns (56.329%)  route 0.144ns (43.671%))
  Logic Levels:           1  (LUT5=1)
  Clock Path Skew:        0.037ns (DCD - SCD - CPR)
    Destination Clock Delay (DCD):    1.985ns
    Source Clock Delay      (SCD):    1.470ns
    Clock Pessimism Removal (CPR):    0.478ns

    Location             Delay type                Incr(ns)  Path(ns)    Netlist Resource(s)
  -------------------------------------------------------------------    -------------------
                         (clock sys_clk_pin rise edge)
                                                      0.000     0.000 r  
    W5                                                0.000     0.000 r  clk (IN)
                         net (fo=0)                   0.000     0.000    clk
    W5                   IBUF (Prop_ibuf_I_O)         0.226     0.226 r  clk_IBUF_inst/O
                         net (fo=1, routed)           0.631     0.858    clk_IBUF
    BUFGCTRL_X0Y0        BUFG (Prop_bufg_I_O)         0.026     0.884 r  clk_IBUF_BUFG_inst/O
                         net (fo=84, routed)          0.587     1.470    baud_gen_inst/CLK
    SLICE_X4Y65          FDCE                                         r  baud_gen_inst/r_reg_reg[5]/C
  -------------------------------------------------------------------    -------------------
    SLICE_X4Y65          FDCE (Prop_fdce_C_Q)         0.141     1.611 r  baud_gen_inst/r_reg_reg[5]/Q
                         net (fo=5, routed)           0.144     1.755    baud_gen_inst/r_reg[5]
    SLICE_X3Y65          LUT5 (Prop_lut5_I2_O)        0.045     1.800 r  baud_gen_inst/r_reg[6]_i_1/O
                         net (fo=1, routed)           0.000     1.800    baud_gen_inst/r_next[6]
    SLICE_X3Y65          FDCE                                         r  baud_gen_inst/r_reg_reg[6]/D
  -------------------------------------------------------------------    -------------------

                         (clock sys_clk_pin rise edge)
                                                      0.000     0.000 r  
    W5                                                0.000     0.000 r  clk (IN)
                         net (fo=0)                   0.000     0.000    clk
    W5                   IBUF (Prop_ibuf_I_O)         0.414     0.414 r  clk_IBUF_inst/O
                         net (fo=1, routed)           0.685     1.099    clk_IBUF
    BUFGCTRL_X0Y0        BUFG (Prop_bufg_I_O)         0.029     1.128 r  clk_IBUF_BUFG_inst/O
                         net (fo=84, routed)          0.857     1.985    baud_gen_inst/CLK
    SLICE_X3Y65          FDCE                                         r  baud_gen_inst/r_reg_reg[6]/C
                         clock pessimism             -0.478     1.507    
    SLICE_X3Y65          FDCE (Hold_fdce_C_D)         0.092     1.599    baud_gen_inst/r_reg_reg[6]
  -------------------------------------------------------------------
                         required time                         -1.599    
                         arrival time                           1.800    
  -------------------------------------------------------------------
                         slack                                  0.201    

Slack (MET) :             0.207ns  (arrival time - required time)
  Source:                 rx_inst/b_reg_reg[7]/C
                            (rising edge-triggered cell FDCE clocked by sys_clk_pin  {rise@0.000ns fall@5.000ns period=10.000ns})
  Destination:            rx_inst/b_reg_reg[6]/D
                            (rising edge-triggered cell FDCE clocked by sys_clk_pin  {rise@0.000ns fall@5.000ns period=10.000ns})
  Path Group:             sys_clk_pin
  Path Type:              Hold (Min at Fast Process Corner)
  Requirement:            0.000ns  (sys_clk_pin rise@0.000ns - sys_clk_pin rise@0.000ns)
  Data Path Delay:        0.313ns  (logic 0.141ns (45.096%)  route 0.172ns (54.904%))
  Logic Levels:           0  
  Clock Path Skew:        0.035ns (DCD - SCD - CPR)
    Destination Clock Delay (DCD):    1.987ns
    Source Clock Delay      (SCD):    1.474ns
    Clock Pessimism Removal (CPR):    0.478ns

    Location             Delay type                Incr(ns)  Path(ns)    Netlist Resource(s)
  -------------------------------------------------------------------    -------------------
                         (clock sys_clk_pin rise edge)
                                                      0.000     0.000 r  
    W5                                                0.000     0.000 r  clk (IN)
                         net (fo=0)                   0.000     0.000    clk
    W5                   IBUF (Prop_ibuf_I_O)         0.226     0.226 r  clk_IBUF_inst/O
                         net (fo=1, routed)           0.631     0.858    clk_IBUF
    BUFGCTRL_X0Y0        BUFG (Prop_bufg_I_O)         0.026     0.884 r  clk_IBUF_BUFG_inst/O
                         net (fo=84, routed)          0.591     1.474    rx_inst/CLK
    SLICE_X3Y61          FDCE                                         r  rx_inst/b_reg_reg[7]/C
  -------------------------------------------------------------------    -------------------
    SLICE_X3Y61          FDCE (Prop_fdce_C_Q)         0.141     1.615 r  rx_inst/b_reg_reg[7]/Q
                         net (fo=3, routed)           0.172     1.787    rx_inst/Q[7]
    SLICE_X7Y61          FDCE                                         r  rx_inst/b_reg_reg[6]/D
  -------------------------------------------------------------------    -------------------

                         (clock sys_clk_pin rise edge)
                                                      0.000     0.000 r  
    W5                                                0.000     0.000 r  clk (IN)
                         net (fo=0)                   0.000     0.000    clk
    W5                   IBUF (Prop_ibuf_I_O)         0.414     0.414 r  clk_IBUF_inst/O
                         net (fo=1, routed)           0.685     1.099    clk_IBUF
    BUFGCTRL_X0Y0        BUFG (Prop_bufg_I_O)         0.029     1.128 r  clk_IBUF_BUFG_inst/O
                         net (fo=84, routed)          0.860     1.987    rx_inst/CLK
    SLICE_X7Y61          FDCE                                         r  rx_inst/b_reg_reg[6]/C
                         clock pessimism             -0.478     1.509    
    SLICE_X7Y61          FDCE (Hold_fdce_C_D)         0.071     1.580    rx_inst/b_reg_reg[6]
  -------------------------------------------------------------------
                         required time                         -1.580    
                         arrival time                           1.787    
  -------------------------------------------------------------------
                         slack                                  0.207    

Slack (MET) :             0.209ns  (arrival time - required time)
  Source:                 baud_gen_inst/r_reg_reg[9]/C
                            (rising edge-triggered cell FDCE clocked by sys_clk_pin  {rise@0.000ns fall@5.000ns period=10.000ns})
  Destination:            baud_gen_inst/r_reg_reg[9]/D
                            (rising edge-triggered cell FDCE clocked by sys_clk_pin  {rise@0.000ns fall@5.000ns period=10.000ns})
  Path Group:             sys_clk_pin
  Path Type:              Hold (Min at Fast Process Corner)
  Requirement:            0.000ns  (sys_clk_pin rise@0.000ns - sys_clk_pin rise@0.000ns)
  Data Path Delay:        0.300ns  (logic 0.186ns (61.957%)  route 0.114ns (38.043%))
  Logic Levels:           1  (LUT6=1)
  Clock Path Skew:        0.000ns (DCD - SCD - CPR)
    Destination Clock Delay (DCD):    1.985ns
    Source Clock Delay      (SCD):    1.472ns
    Clock Pessimism Removal (CPR):    0.513ns

    Location             Delay type                Incr(ns)  Path(ns)    Netlist Resource(s)
  -------------------------------------------------------------------    -------------------
                         (clock sys_clk_pin rise edge)
                                                      0.000     0.000 r  
    W5                                                0.000     0.000 r  clk (IN)
                         net (fo=0)                   0.000     0.000    clk
    W5                   IBUF (Prop_ibuf_I_O)         0.226     0.226 r  clk_IBUF_inst/O
                         net (fo=1, routed)           0.631     0.858    clk_IBUF
    BUFGCTRL_X0Y0        BUFG (Prop_bufg_I_O)         0.026     0.884 r  clk_IBUF_BUFG_inst/O
                         net (fo=84, routed)          0.589     1.472    baud_gen_inst/CLK
    SLICE_X3Y65          FDCE                                         r  baud_gen_inst/r_reg_reg[9]/C
  -------------------------------------------------------------------    -------------------
    SLICE_X3Y65          FDCE (Prop_fdce_C_Q)         0.141     1.613 r  baud_gen_inst/r_reg_reg[9]/Q
                         net (fo=2, routed)           0.114     1.727    baud_gen_inst/r_reg[9]
    SLICE_X3Y65          LUT6 (Prop_lut6_I1_O)        0.045     1.772 r  baud_gen_inst/r_reg[9]_i_1/O
                         net (fo=1, routed)           0.000     1.772    baud_gen_inst/r_next[9]
    SLICE_X3Y65          FDCE                                         r  baud_gen_inst/r_reg_reg[9]/D
  -------------------------------------------------------------------    -------------------

                         (clock sys_clk_pin rise edge)
                                                      0.000     0.000 r  
    W5                                                0.000     0.000 r  clk (IN)
                         net (fo=0)                   0.000     0.000    clk
    W5                   IBUF (Prop_ibuf_I_O)         0.414     0.414 r  clk_IBUF_inst/O
                         net (fo=1, routed)           0.685     1.099    clk_IBUF
    BUFGCTRL_X0Y0        BUFG (Prop_bufg_I_O)         0.029     1.128 r  clk_IBUF_BUFG_inst/O
                         net (fo=84, routed)          0.857     1.985    baud_gen_inst/CLK
    SLICE_X3Y65          FDCE                                         r  baud_gen_inst/r_reg_reg[9]/C
                         clock pessimism             -0.513     1.472    
    SLICE_X3Y65          FDCE (Hold_fdce_C_D)         0.091     1.563    baud_gen_inst/r_reg_reg[9]
  -------------------------------------------------------------------
                         required time                         -1.563    
                         arrival time                           1.772    
  -------------------------------------------------------------------
                         slack                                  0.209    

Slack (MET) :             0.214ns  (arrival time - required time)
  Source:                 rx_inst/state_reg_reg[0]/C
                            (rising edge-triggered cell FDPE clocked by sys_clk_pin  {rise@0.000ns fall@5.000ns period=10.000ns})
  Destination:            rx_inst/s_reg_reg[0]/D
                            (rising edge-triggered cell FDCE clocked by sys_clk_pin  {rise@0.000ns fall@5.000ns period=10.000ns})
  Path Group:             sys_clk_pin
  Path Type:              Hold (Min at Fast Process Corner)
  Requirement:            0.000ns  (sys_clk_pin rise@0.000ns - sys_clk_pin rise@0.000ns)
  Data Path Delay:        0.322ns  (logic 0.186ns (57.848%)  route 0.136ns (42.152%))
  Logic Levels:           1  (LUT6=1)
  Clock Path Skew:        0.017ns (DCD - SCD - CPR)
    Destination Clock Delay (DCD):    1.989ns
    Source Clock Delay      (SCD):    1.473ns
    Clock Pessimism Removal (CPR):    0.499ns

    Location             Delay type                Incr(ns)  Path(ns)    Netlist Resource(s)
  -------------------------------------------------------------------    -------------------
                         (clock sys_clk_pin rise edge)
                                                      0.000     0.000 r  
    W5                                                0.000     0.000 r  clk (IN)
                         net (fo=0)                   0.000     0.000    clk
    W5                   IBUF (Prop_ibuf_I_O)         0.226     0.226 r  clk_IBUF_inst/O
                         net (fo=1, routed)           0.631     0.858    clk_IBUF
    BUFGCTRL_X0Y0        BUFG (Prop_bufg_I_O)         0.026     0.884 r  clk_IBUF_BUFG_inst/O
                         net (fo=84, routed)          0.590     1.473    rx_inst/CLK
    SLICE_X5Y57          FDPE                                         r  rx_inst/state_reg_reg[0]/C
  -------------------------------------------------------------------    -------------------
    SLICE_X5Y57          FDPE (Prop_fdpe_C_Q)         0.141     1.614 r  rx_inst/state_reg_reg[0]/Q
                         net (fo=14, routed)          0.136     1.750    rx_inst/state_reg[0]
    SLICE_X4Y56          LUT6 (Prop_lut6_I5_O)        0.045     1.795 r  rx_inst/s_reg[0]_i_1/O
                         net (fo=1, routed)           0.000     1.795    rx_inst/s_reg[0]_i_1_n_0
    SLICE_X4Y56          FDCE                                         r  rx_inst/s_reg_reg[0]/D
  -------------------------------------------------------------------    -------------------

                         (clock sys_clk_pin rise edge)
                                                      0.000     0.000 r  
    W5                                                0.000     0.000 r  clk (IN)
                         net (fo=0)                   0.000     0.000    clk
    W5                   IBUF (Prop_ibuf_I_O)         0.414     0.414 r  clk_IBUF_inst/O
                         net (fo=1, routed)           0.685     1.099    clk_IBUF
    BUFGCTRL_X0Y0        BUFG (Prop_bufg_I_O)         0.029     1.128 r  clk_IBUF_BUFG_inst/O
                         net (fo=84, routed)          0.861     1.989    rx_inst/CLK
    SLICE_X4Y56          FDCE                                         r  rx_inst/s_reg_reg[0]/C
                         clock pessimism             -0.499     1.490    
    SLICE_X4Y56          FDCE (Hold_fdce_C_D)         0.091     1.581    rx_inst/s_reg_reg[0]
  -------------------------------------------------------------------
                         required time                         -1.581    
                         arrival time                           1.795    
  -------------------------------------------------------------------
                         slack                                  0.214    

Slack (MET) :             0.214ns  (arrival time - required time)
  Source:                 rx_inst/b_reg_reg[0]/C
                            (rising edge-triggered cell FDCE clocked by sys_clk_pin  {rise@0.000ns fall@5.000ns period=10.000ns})
  Destination:            interface_rx_inst/reg_op_reg[0]/D
                            (rising edge-triggered cell FDCE clocked by sys_clk_pin  {rise@0.000ns fall@5.000ns period=10.000ns})
  Path Group:             sys_clk_pin
  Path Type:              Hold (Min at Fast Process Corner)
  Requirement:            0.000ns  (sys_clk_pin rise@0.000ns - sys_clk_pin rise@0.000ns)
  Data Path Delay:        0.320ns  (logic 0.141ns (44.067%)  route 0.179ns (55.933%))
  Logic Levels:           0  
  Clock Path Skew:        0.036ns (DCD - SCD - CPR)
    Destination Clock Delay (DCD):    1.988ns
    Source Clock Delay      (SCD):    1.474ns
    Clock Pessimism Removal (CPR):    0.478ns

    Location             Delay type                Incr(ns)  Path(ns)    Netlist Resource(s)
  -------------------------------------------------------------------    -------------------
                         (clock sys_clk_pin rise edge)
                                                      0.000     0.000 r  
    W5                                                0.000     0.000 r  clk (IN)
                         net (fo=0)                   0.000     0.000    clk
    W5                   IBUF (Prop_ibuf_I_O)         0.226     0.226 r  clk_IBUF_inst/O
                         net (fo=1, routed)           0.631     0.858    clk_IBUF
    BUFGCTRL_X0Y0        BUFG (Prop_bufg_I_O)         0.026     0.884 r  clk_IBUF_BUFG_inst/O
                         net (fo=84, routed)          0.591     1.474    rx_inst/CLK
    SLICE_X3Y61          FDCE                                         r  rx_inst/b_reg_reg[0]/C
  -------------------------------------------------------------------    -------------------
    SLICE_X3Y61          FDCE (Prop_fdce_C_Q)         0.141     1.615 r  rx_inst/b_reg_reg[0]/Q
                         net (fo=3, routed)           0.179     1.794    interface_rx_inst/reg_a_reg[7]_2[0]
    SLICE_X5Y59          FDCE                                         r  interface_rx_inst/reg_op_reg[0]/D
  -------------------------------------------------------------------    -------------------

                         (clock sys_clk_pin rise edge)
                                                      0.000     0.000 r  
    W5                                                0.000     0.000 r  clk (IN)
                         net (fo=0)                   0.000     0.000    clk
    W5                   IBUF (Prop_ibuf_I_O)         0.414     0.414 r  clk_IBUF_inst/O
                         net (fo=1, routed)           0.685     1.099    clk_IBUF
    BUFGCTRL_X0Y0        BUFG (Prop_bufg_I_O)         0.029     1.128 r  clk_IBUF_BUFG_inst/O
                         net (fo=84, routed)          0.860     1.988    interface_rx_inst/CLK
    SLICE_X5Y59          FDCE                                         r  interface_rx_inst/reg_op_reg[0]/C
                         clock pessimism             -0.478     1.510    
    SLICE_X5Y59          FDCE (Hold_fdce_C_D)         0.070     1.580    interface_rx_inst/reg_op_reg[0]
  -------------------------------------------------------------------
                         required time                         -1.580    
                         arrival time                           1.794    
  -------------------------------------------------------------------
                         slack                                  0.214    

Slack (MET) :             0.225ns  (arrival time - required time)
  Source:                 rx_inst/b_reg_reg[7]/C
                            (rising edge-triggered cell FDCE clocked by sys_clk_pin  {rise@0.000ns fall@5.000ns period=10.000ns})
  Destination:            interface_rx_inst/reg_a_reg[7]/D
                            (rising edge-triggered cell FDCE clocked by sys_clk_pin  {rise@0.000ns fall@5.000ns period=10.000ns})
  Path Group:             sys_clk_pin
  Path Type:              Hold (Min at Fast Process Corner)
  Requirement:            0.000ns  (sys_clk_pin rise@0.000ns - sys_clk_pin rise@0.000ns)
  Data Path Delay:        0.311ns  (logic 0.141ns (45.279%)  route 0.170ns (54.721%))
  Logic Levels:           0  
  Clock Path Skew:        0.035ns (DCD - SCD - CPR)
    Destination Clock Delay (DCD):    1.987ns
    Source Clock Delay      (SCD):    1.474ns
    Clock Pessimism Removal (CPR):    0.478ns

    Location             Delay type                Incr(ns)  Path(ns)    Netlist Resource(s)
  -------------------------------------------------------------------    -------------------
                         (clock sys_clk_pin rise edge)
                                                      0.000     0.000 r  
    W5                                                0.000     0.000 r  clk (IN)
                         net (fo=0)                   0.000     0.000    clk
    W5                   IBUF (Prop_ibuf_I_O)         0.226     0.226 r  clk_IBUF_inst/O
                         net (fo=1, routed)           0.631     0.858    clk_IBUF
    BUFGCTRL_X0Y0        BUFG (Prop_bufg_I_O)         0.026     0.884 r  clk_IBUF_BUFG_inst/O
                         net (fo=84, routed)          0.591     1.474    rx_inst/CLK
    SLICE_X3Y61          FDCE                                         r  rx_inst/b_reg_reg[7]/C
  -------------------------------------------------------------------    -------------------
    SLICE_X3Y61          FDCE (Prop_fdce_C_Q)         0.141     1.615 r  rx_inst/b_reg_reg[7]/Q
                         net (fo=3, routed)           0.170     1.786    interface_rx_inst/reg_a_reg[7]_2[7]
    SLICE_X4Y61          FDCE                                         r  interface_rx_inst/reg_a_reg[7]/D
  -------------------------------------------------------------------    -------------------

                         (clock sys_clk_pin rise edge)
                                                      0.000     0.000 r  
    W5                                                0.000     0.000 r  clk (IN)
                         net (fo=0)                   0.000     0.000    clk
    W5                   IBUF (Prop_ibuf_I_O)         0.414     0.414 r  clk_IBUF_inst/O
                         net (fo=1, routed)           0.685     1.099    clk_IBUF
    BUFGCTRL_X0Y0        BUFG (Prop_bufg_I_O)         0.029     1.128 r  clk_IBUF_BUFG_inst/O
                         net (fo=84, routed)          0.860     1.987    interface_rx_inst/CLK
    SLICE_X4Y61          FDCE                                         r  interface_rx_inst/reg_a_reg[7]/C
                         clock pessimism             -0.478     1.509    
    SLICE_X4Y61          FDCE (Hold_fdce_C_D)         0.051     1.560    interface_rx_inst/reg_a_reg[7]
  -------------------------------------------------------------------
                         required time                         -1.560    
                         arrival time                           1.786    
  -------------------------------------------------------------------
                         slack                                  0.225    

Slack (MET) :             0.228ns  (arrival time - required time)
  Source:                 tx_inst/state_reg_reg[0]/C
                            (rising edge-triggered cell FDPE clocked by sys_clk_pin  {rise@0.000ns fall@5.000ns period=10.000ns})
  Destination:            tx_inst/s_reg_reg[1]/D
                            (rising edge-triggered cell FDCE clocked by sys_clk_pin  {rise@0.000ns fall@5.000ns period=10.000ns})
  Path Group:             sys_clk_pin
  Path Type:              Hold (Min at Fast Process Corner)
  Requirement:            0.000ns  (sys_clk_pin rise@0.000ns - sys_clk_pin rise@0.000ns)
  Data Path Delay:        0.350ns  (logic 0.189ns (54.076%)  route 0.161ns (45.924%))
  Logic Levels:           1  (LUT3=1)
  Clock Path Skew:        0.015ns (DCD - SCD - CPR)
    Destination Clock Delay (DCD):    1.986ns
    Source Clock Delay      (SCD):    1.472ns
    Clock Pessimism Removal (CPR):    0.499ns

    Location             Delay type                Incr(ns)  Path(ns)    Netlist Resource(s)
  -------------------------------------------------------------------    -------------------
                         (clock sys_clk_pin rise edge)
                                                      0.000     0.000 r  
    W5                                                0.000     0.000 r  clk (IN)
                         net (fo=0)                   0.000     0.000    clk
    W5                   IBUF (Prop_ibuf_I_O)         0.226     0.226 r  clk_IBUF_inst/O
                         net (fo=1, routed)           0.631     0.858    clk_IBUF
    BUFGCTRL_X0Y0        BUFG (Prop_bufg_I_O)         0.026     0.884 r  clk_IBUF_BUFG_inst/O
                         net (fo=84, routed)          0.589     1.472    tx_inst/CLK
    SLICE_X1Y65          FDPE                                         r  tx_inst/state_reg_reg[0]/C
  -------------------------------------------------------------------    -------------------
    SLICE_X1Y65          FDPE (Prop_fdpe_C_Q)         0.141     1.613 f  tx_inst/state_reg_reg[0]/Q
                         net (fo=20, routed)          0.161     1.774    tx_inst/Q[0]
    SLICE_X1Y64          LUT3 (Prop_lut3_I2_O)        0.048     1.822 r  tx_inst/s_reg[1]_i_1__0/O
                         net (fo=1, routed)           0.000     1.822    tx_inst/s_reg[1]_i_1__0_n_0
    SLICE_X1Y64          FDCE                                         r  tx_inst/s_reg_reg[1]/D
  -------------------------------------------------------------------    -------------------

                         (clock sys_clk_pin rise edge)
                                                      0.000     0.000 r  
    W5                                                0.000     0.000 r  clk (IN)
                         net (fo=0)                   0.000     0.000    clk
    W5                   IBUF (Prop_ibuf_I_O)         0.414     0.414 r  clk_IBUF_inst/O
                         net (fo=1, routed)           0.685     1.099    clk_IBUF
    BUFGCTRL_X0Y0        BUFG (Prop_bufg_I_O)         0.029     1.128 r  clk_IBUF_BUFG_inst/O
                         net (fo=84, routed)          0.858     1.986    tx_inst/CLK
    SLICE_X1Y64          FDCE                                         r  tx_inst/s_reg_reg[1]/C
                         clock pessimism             -0.499     1.487    
    SLICE_X1Y64          FDCE (Hold_fdce_C_D)         0.107     1.594    tx_inst/s_reg_reg[1]
  -------------------------------------------------------------------
                         required time                         -1.594    
                         arrival time                           1.822    
  -------------------------------------------------------------------
                         slack                                  0.228    

Slack (MET) :             0.228ns  (arrival time - required time)
  Source:                 rx_inst/b_reg_reg[2]/C
                            (rising edge-triggered cell FDCE clocked by sys_clk_pin  {rise@0.000ns fall@5.000ns period=10.000ns})
  Destination:            rx_inst/b_reg_reg[1]/D
                            (rising edge-triggered cell FDCE clocked by sys_clk_pin  {rise@0.000ns fall@5.000ns period=10.000ns})
  Path Group:             sys_clk_pin
  Path Type:              Hold (Min at Fast Process Corner)
  Requirement:            0.000ns  (sys_clk_pin rise@0.000ns - sys_clk_pin rise@0.000ns)
  Data Path Delay:        0.333ns  (logic 0.141ns (42.297%)  route 0.192ns (57.703%))
  Logic Levels:           0  
  Clock Path Skew:        0.039ns (DCD - SCD - CPR)
    Destination Clock Delay (DCD):    1.989ns
    Source Clock Delay      (SCD):    1.472ns
    Clock Pessimism Removal (CPR):    0.478ns

    Location             Delay type                Incr(ns)  Path(ns)    Netlist Resource(s)
  -------------------------------------------------------------------    -------------------
                         (clock sys_clk_pin rise edge)
                                                      0.000     0.000 r  
    W5                                                0.000     0.000 r  clk (IN)
                         net (fo=0)                   0.000     0.000    clk
    W5                   IBUF (Prop_ibuf_I_O)         0.226     0.226 r  clk_IBUF_inst/O
                         net (fo=1, routed)           0.631     0.858    clk_IBUF
    BUFGCTRL_X0Y0        BUFG (Prop_bufg_I_O)         0.026     0.884 r  clk_IBUF_BUFG_inst/O
                         net (fo=84, routed)          0.589     1.472    rx_inst/CLK
    SLICE_X7Y61          FDCE                                         r  rx_inst/b_reg_reg[2]/C
  -------------------------------------------------------------------    -------------------
    SLICE_X7Y61          FDCE (Prop_fdce_C_Q)         0.141     1.613 r  rx_inst/b_reg_reg[2]/Q
                         net (fo=4, routed)           0.192     1.806    rx_inst/Q[2]
    SLICE_X3Y61          FDCE                                         r  rx_inst/b_reg_reg[1]/D
  -------------------------------------------------------------------    -------------------

                         (clock sys_clk_pin rise edge)
                                                      0.000     0.000 r  
    W5                                                0.000     0.000 r  clk (IN)
                         net (fo=0)                   0.000     0.000    clk
    W5                   IBUF (Prop_ibuf_I_O)         0.414     0.414 r  clk_IBUF_inst/O
                         net (fo=1, routed)           0.685     1.099    clk_IBUF
    BUFGCTRL_X0Y0        BUFG (Prop_bufg_I_O)         0.029     1.128 r  clk_IBUF_BUFG_inst/O
                         net (fo=84, routed)          0.861     1.989    rx_inst/CLK
    SLICE_X3Y61          FDCE                                         r  rx_inst/b_reg_reg[1]/C
                         clock pessimism             -0.478     1.511    
    SLICE_X3Y61          FDCE (Hold_fdce_C_D)         0.066     1.577    rx_inst/b_reg_reg[1]
  -------------------------------------------------------------------
                         required time                         -1.577    
                         arrival time                           1.806    
  -------------------------------------------------------------------
                         slack                                  0.228    

Slack (MET) :             0.228ns  (arrival time - required time)
  Source:                 baud_gen_inst/r_reg_reg[1]/C
                            (rising edge-triggered cell FDCE clocked by sys_clk_pin  {rise@0.000ns fall@5.000ns period=10.000ns})
  Destination:            baud_gen_inst/r_reg_reg[3]/D
                            (rising edge-triggered cell FDCE clocked by sys_clk_pin  {rise@0.000ns fall@5.000ns period=10.000ns})
  Path Group:             sys_clk_pin
  Path Type:              Hold (Min at Fast Process Corner)
  Requirement:            0.000ns  (sys_clk_pin rise@0.000ns - sys_clk_pin rise@0.000ns)
  Data Path Delay:        0.320ns  (logic 0.186ns (58.056%)  route 0.134ns (41.944%))
  Logic Levels:           1  (LUT6=1)
  Clock Path Skew:        0.000ns (DCD - SCD - CPR)
    Destination Clock Delay (DCD):    1.984ns
    Source Clock Delay      (SCD):    1.471ns
    Clock Pessimism Removal (CPR):    0.513ns

    Location             Delay type                Incr(ns)  Path(ns)    Netlist Resource(s)
  -------------------------------------------------------------------    -------------------
                         (clock sys_clk_pin rise edge)
                                                      0.000     0.000 r  
    W5                                                0.000     0.000 r  clk (IN)
                         net (fo=0)                   0.000     0.000    clk
    W5                   IBUF (Prop_ibuf_I_O)         0.226     0.226 r  clk_IBUF_inst/O
                         net (fo=1, routed)           0.631     0.858    clk_IBUF
    BUFGCTRL_X0Y0        BUFG (Prop_bufg_I_O)         0.026     0.884 r  clk_IBUF_BUFG_inst/O
                         net (fo=84, routed)          0.588     1.471    baud_gen_inst/CLK
    SLICE_X3Y66          FDCE                                         r  baud_gen_inst/r_reg_reg[1]/C
  -------------------------------------------------------------------    -------------------
    SLICE_X3Y66          FDCE (Prop_fdce_C_Q)         0.141     1.612 r  baud_gen_inst/r_reg_reg[1]/Q
                         net (fo=11, routed)          0.134     1.747    baud_gen_inst/r_reg[1]
    SLICE_X3Y66          LUT6 (Prop_lut6_I5_O)        0.045     1.792 r  baud_gen_inst/r_reg[3]_i_1/O
                         net (fo=1, routed)           0.000     1.792    baud_gen_inst/r_next[3]
    SLICE_X3Y66          FDCE                                         r  baud_gen_inst/r_reg_reg[3]/D
  -------------------------------------------------------------------    -------------------

                         (clock sys_clk_pin rise edge)
                                                      0.000     0.000 r  
    W5                                                0.000     0.000 r  clk (IN)
                         net (fo=0)                   0.000     0.000    clk
    W5                   IBUF (Prop_ibuf_I_O)         0.414     0.414 r  clk_IBUF_inst/O
                         net (fo=1, routed)           0.685     1.099    clk_IBUF
    BUFGCTRL_X0Y0        BUFG (Prop_bufg_I_O)         0.029     1.128 r  clk_IBUF_BUFG_inst/O
                         net (fo=84, routed)          0.856     1.984    baud_gen_inst/CLK
    SLICE_X3Y66          FDCE                                         r  baud_gen_inst/r_reg_reg[3]/C
                         clock pessimism             -0.513     1.471    
    SLICE_X3Y66          FDCE (Hold_fdce_C_D)         0.092     1.563    baud_gen_inst/r_reg_reg[3]
  -------------------------------------------------------------------
                         required time                         -1.563    
                         arrival time                           1.792    
  -------------------------------------------------------------------
                         slack                                  0.228    





Pulse Width Checks
--------------------------------------------------------------------------------------
Clock Name:         sys_clk_pin
Waveform(ns):       { 0.000 5.000 }
Period(ns):         10.000
Sources:            { clk }

Check Type        Corner  Lib Pin  Reference Pin  Required(ns)  Actual(ns)  Slack(ns)  Location       Pin
Min Period        n/a     BUFG/I   n/a            2.155         10.000      7.845      BUFGCTRL_X0Y0  clk_IBUF_BUFG_inst/I
Min Period        n/a     FDCE/C   n/a            1.000         10.000      9.000      SLICE_X3Y65    baud_gen_inst/r_reg_reg[0]/C
Min Period        n/a     FDCE/C   n/a            1.000         10.000      9.000      SLICE_X3Y66    baud_gen_inst/r_reg_reg[1]/C
Min Period        n/a     FDCE/C   n/a            1.000         10.000      9.000      SLICE_X4Y65    baud_gen_inst/r_reg_reg[2]/C
Min Period        n/a     FDCE/C   n/a            1.000         10.000      9.000      SLICE_X3Y66    baud_gen_inst/r_reg_reg[3]/C
Min Period        n/a     FDCE/C   n/a            1.000         10.000      9.000      SLICE_X3Y66    baud_gen_inst/r_reg_reg[4]/C
Min Period        n/a     FDCE/C   n/a            1.000         10.000      9.000      SLICE_X4Y65    baud_gen_inst/r_reg_reg[5]/C
Min Period        n/a     FDCE/C   n/a            1.000         10.000      9.000      SLICE_X3Y65    baud_gen_inst/r_reg_reg[6]/C
Min Period        n/a     FDCE/C   n/a            1.000         10.000      9.000      SLICE_X4Y65    baud_gen_inst/r_reg_reg[7]/C
Min Period        n/a     FDCE/C   n/a            1.000         10.000      9.000      SLICE_X4Y65    baud_gen_inst/r_reg_reg[8]/C
Low Pulse Width   Slow    FDCE/C   n/a            0.500         5.000       4.500      SLICE_X3Y65    baud_gen_inst/r_reg_reg[0]/C
Low Pulse Width   Fast    FDCE/C   n/a            0.500         5.000       4.500      SLICE_X3Y65    baud_gen_inst/r_reg_reg[0]/C
Low Pulse Width   Slow    FDCE/C   n/a            0.500         5.000       4.500      SLICE_X3Y66    baud_gen_inst/r_reg_reg[1]/C
Low Pulse Width   Fast    FDCE/C   n/a            0.500         5.000       4.500      SLICE_X3Y66    baud_gen_inst/r_reg_reg[1]/C
Low Pulse Width   Slow    FDCE/C   n/a            0.500         5.000       4.500      SLICE_X4Y65    baud_gen_inst/r_reg_reg[2]/C
Low Pulse Width   Fast    FDCE/C   n/a            0.500         5.000       4.500      SLICE_X4Y65    baud_gen_inst/r_reg_reg[2]/C
Low Pulse Width   Slow    FDCE/C   n/a            0.500         5.000       4.500      SLICE_X3Y66    baud_gen_inst/r_reg_reg[3]/C
Low Pulse Width   Fast    FDCE/C   n/a            0.500         5.000       4.500      SLICE_X3Y66    baud_gen_inst/r_reg_reg[3]/C
Low Pulse Width   Slow    FDCE/C   n/a            0.500         5.000       4.500      SLICE_X3Y66    baud_gen_inst/r_reg_reg[4]/C
Low Pulse Width   Fast    FDCE/C   n/a            0.500         5.000       4.500      SLICE_X3Y66    baud_gen_inst/r_reg_reg[4]/C
High Pulse Width  Slow    FDCE/C   n/a            0.500         5.000       4.500      SLICE_X3Y65    baud_gen_inst/r_reg_reg[0]/C
High Pulse Width  Fast    FDCE/C   n/a            0.500         5.000       4.500      SLICE_X3Y65    baud_gen_inst/r_reg_reg[0]/C
High Pulse Width  Slow    FDCE/C   n/a            0.500         5.000       4.500      SLICE_X3Y66    baud_gen_inst/r_reg_reg[1]/C
High Pulse Width  Fast    FDCE/C   n/a            0.500         5.000       4.500      SLICE_X3Y66    baud_gen_inst/r_reg_reg[1]/C
High Pulse Width  Slow    FDCE/C   n/a            0.500         5.000       4.500      SLICE_X4Y65    baud_gen_inst/r_reg_reg[2]/C
High Pulse Width  Fast    FDCE/C   n/a            0.500         5.000       4.500      SLICE_X4Y65    baud_gen_inst/r_reg_reg[2]/C
High Pulse Width  Slow    FDCE/C   n/a            0.500         5.000       4.500      SLICE_X3Y66    baud_gen_inst/r_reg_reg[3]/C
High Pulse Width  Fast    FDCE/C   n/a            0.500         5.000       4.500      SLICE_X3Y66    baud_gen_inst/r_reg_reg[3]/C
High Pulse Width  Slow    FDCE/C   n/a            0.500         5.000       4.500      SLICE_X3Y66    baud_gen_inst/r_reg_reg[4]/C
High Pulse Width  Fast    FDCE/C   n/a            0.500         5.000       4.500      SLICE_X3Y66    baud_gen_inst/r_reg_reg[4]/C



--------------------------------------------------------------------------------------
Path Group:  (none)
From Clock:  sys_clk_pin
  To Clock:  

Max Delay             1 Endpoint
Min Delay             1 Endpoint
--------------------------------------------------------------------------------------


Max Delay Paths
--------------------------------------------------------------------------------------
Slack:                    inf
  Source:                 tx_inst/tx_reg_reg/C
                            (rising edge-triggered cell FDPE clocked by sys_clk_pin  {rise@0.000ns fall@5.000ns period=10.000ns})
  Destination:            tx_pin
                            (output port)
  Path Group:             (none)
  Path Type:              Max at Slow Process Corner
  Data Path Delay:        6.678ns  (logic 4.036ns (60.434%)  route 2.642ns (39.566%))
  Logic Levels:           1  (OBUF=1)
  Clock Uncertainty:      0.025ns  ((TSJ^2 + TIJ^2)^1/2 + DJ) / 2 + PE
    Total System Jitter     (TSJ):    0.050ns
    Total Input Jitter      (TIJ):    0.000ns
    Discrete Jitter          (DJ):    0.000ns
    Phase Error              (PE):    0.000ns

    Location             Delay type                Incr(ns)  Path(ns)    Netlist Resource(s)
  -------------------------------------------------------------------    -------------------
                         (clock sys_clk_pin rise edge)
                                                      0.000     0.000 r  
    W5                                                0.000     0.000 r  clk (IN)
                         net (fo=0)                   0.000     0.000    clk
    W5                   IBUF (Prop_ibuf_I_O)         1.458     1.458 r  clk_IBUF_inst/O
                         net (fo=1, routed)           1.967     3.425    clk_IBUF
    BUFGCTRL_X0Y0        BUFG (Prop_bufg_I_O)         0.096     3.521 r  clk_IBUF_BUFG_inst/O
                         net (fo=84, routed)          1.619     5.140    tx_inst/CLK
    SLICE_X2Y65          FDPE                                         r  tx_inst/tx_reg_reg/C
  -------------------------------------------------------------------    -------------------
    SLICE_X2Y65          FDPE (Prop_fdpe_C_Q)         0.518     5.658 r  tx_inst/tx_reg_reg/Q
                         net (fo=1, routed)           2.642     8.300    tx_pin_OBUF
    A18                  OBUF (Prop_obuf_I_O)         3.518    11.818 r  tx_pin_OBUF_inst/O
                         net (fo=0)                   0.000    11.818    tx_pin
    A18                                                               r  tx_pin (OUT)
  -------------------------------------------------------------------    -------------------





Min Delay Paths
--------------------------------------------------------------------------------------
Slack:                    inf
  Source:                 tx_inst/tx_reg_reg/C
                            (rising edge-triggered cell FDPE clocked by sys_clk_pin  {rise@0.000ns fall@5.000ns period=10.000ns})
  Destination:            tx_pin
                            (output port)
  Path Group:             (none)
  Path Type:              Min at Fast Process Corner
  Data Path Delay:        2.085ns  (logic 1.383ns (66.323%)  route 0.702ns (33.677%))
  Logic Levels:           1  (OBUF=1)
  Clock Uncertainty:      0.025ns  ((TSJ^2 + TIJ^2)^1/2 + DJ) / 2 + PE
    Total System Jitter     (TSJ):    0.050ns
    Total Input Jitter      (TIJ):    0.000ns
    Discrete Jitter          (DJ):    0.000ns
    Phase Error              (PE):    0.000ns

    Location             Delay type                Incr(ns)  Path(ns)    Netlist Resource(s)
  -------------------------------------------------------------------    -------------------
                         (clock sys_clk_pin rise edge)
                                                      0.000     0.000 r  
    W5                                                0.000     0.000 r  clk (IN)
                         net (fo=0)                   0.000     0.000    clk
    W5                   IBUF (Prop_ibuf_I_O)         0.226     0.226 r  clk_IBUF_inst/O
                         net (fo=1, routed)           0.631     0.858    clk_IBUF
    BUFGCTRL_X0Y0        BUFG (Prop_bufg_I_O)         0.026     0.884 r  clk_IBUF_BUFG_inst/O
                         net (fo=84, routed)          0.589     1.472    tx_inst/CLK
    SLICE_X2Y65          FDPE                                         r  tx_inst/tx_reg_reg/C
  -------------------------------------------------------------------    -------------------
    SLICE_X2Y65          FDPE (Prop_fdpe_C_Q)         0.164     1.636 r  tx_inst/tx_reg_reg/Q
                         net (fo=1, routed)           0.702     2.338    tx_pin_OBUF
    A18                  OBUF (Prop_obuf_I_O)         1.219     3.557 r  tx_pin_OBUF_inst/O
                         net (fo=0)                   0.000     3.557    tx_pin
    A18                                                               r  tx_pin (OUT)
  -------------------------------------------------------------------    -------------------





--------------------------------------------------------------------------------------
Path Group:  (none)
From Clock:  
  To Clock:  sys_clk_pin

Max Delay            97 Endpoints
Min Delay            97 Endpoints
--------------------------------------------------------------------------------------


Max Delay Paths
--------------------------------------------------------------------------------------
Slack:                    inf
  Source:                 rx_pin
                            (input port)
  Destination:            rx_inst/s_reg_reg[3]/D
                            (rising edge-triggered cell FDCE clocked by sys_clk_pin  {rise@0.000ns fall@5.000ns period=10.000ns})
  Path Group:             (none)
  Path Type:              Setup (Max at Slow Process Corner)
  Data Path Delay:        6.308ns  (logic 1.934ns (30.663%)  route 4.374ns (69.337%))
  Logic Levels:           3  (IBUF=1 LUT2=1 LUT6=1)
  Clock Path Skew:        4.849ns (DCD - SCD + CPR)
    Destination Clock Delay (DCD):    4.849ns
    Source Clock Delay      (SCD):    0.000ns
    Clock Pessimism Removal (CPR):    0.000ns
  Clock Uncertainty:      0.025ns  ((TSJ^2 + TIJ^2)^1/2 + DJ) / 2 + PE
    Total System Jitter     (TSJ):    0.050ns
    Total Input Jitter      (TIJ):    0.000ns
    Discrete Jitter          (DJ):    0.000ns
    Phase Error              (PE):    0.000ns

    Location             Delay type                Incr(ns)  Path(ns)    Netlist Resource(s)
  -------------------------------------------------------------------    -------------------
    B18                                               0.000     0.000 r  rx_pin (IN)
                         net (fo=0)                   0.000     0.000    rx_pin
    B18                  IBUF (Prop_ibuf_I_O)         1.456     1.456 r  rx_pin_IBUF_inst/O
                         net (fo=7, routed)           3.557     5.013    rx_inst/rx_pin_IBUF
    SLICE_X4Y57          LUT2 (Prop_lut2_I1_O)        0.152     5.165 r  rx_inst/s_reg[3]_i_5/O
                         net (fo=1, routed)           0.817     5.982    rx_inst/s_reg[3]_i_5_n_0
    SLICE_X3Y57          LUT6 (Prop_lut6_I0_O)        0.326     6.308 r  rx_inst/s_reg[3]_i_2/O
                         net (fo=1, routed)           0.000     6.308    rx_inst/s_reg[3]_i_2_n_0
    SLICE_X3Y57          FDCE                                         r  rx_inst/s_reg_reg[3]/D
  -------------------------------------------------------------------    -------------------

                         (clock sys_clk_pin rise edge)
                                                      0.000     0.000 r  
    W5                                                0.000     0.000 r  clk (IN)
                         net (fo=0)                   0.000     0.000    clk
    W5                   IBUF (Prop_ibuf_I_O)         1.388     1.388 r  clk_IBUF_inst/O
                         net (fo=1, routed)           1.862     3.250    clk_IBUF
    BUFGCTRL_X0Y0        BUFG (Prop_bufg_I_O)         0.091     3.341 r  clk_IBUF_BUFG_inst/O
                         net (fo=84, routed)          1.508     4.849    rx_inst/CLK
    SLICE_X3Y57          FDCE                                         r  rx_inst/s_reg_reg[3]/C

Slack:                    inf
  Source:                 reset
                            (input port)
  Destination:            rx_inst/n_reg_reg[0]/CLR
                            (recovery check against rising-edge clock sys_clk_pin  {rise@0.000ns fall@5.000ns period=10.000ns})
  Path Group:             (none)
  Path Type:              Recovery (Max at Slow Process Corner)
  Data Path Delay:        5.811ns  (logic 1.441ns (24.804%)  route 4.370ns (75.196%))
  Logic Levels:           1  (IBUF=1)
  Clock Path Skew:        4.849ns (DCD - SCD + CPR)
    Destination Clock Delay (DCD):    4.849ns
    Source Clock Delay      (SCD):    0.000ns
    Clock Pessimism Removal (CPR):    0.000ns
  Clock Uncertainty:      0.025ns  ((TSJ^2 + TIJ^2)^1/2 + DJ) / 2 + PE
    Total System Jitter     (TSJ):    0.050ns
    Total Input Jitter      (TIJ):    0.000ns
    Discrete Jitter          (DJ):    0.000ns
    Phase Error              (PE):    0.000ns

    Location             Delay type                Incr(ns)  Path(ns)    Netlist Resource(s)
  -------------------------------------------------------------------    -------------------
    U18                                               0.000     0.000 f  reset (IN)
                         net (fo=0)                   0.000     0.000    reset
    U18                  IBUF (Prop_ibuf_I_O)         1.441     1.441 f  reset_IBUF_inst/O
                         net (fo=84, routed)          4.370     5.811    rx_inst/AR[0]
    SLICE_X2Y57          FDCE                                         f  rx_inst/n_reg_reg[0]/CLR
  -------------------------------------------------------------------    -------------------

                         (clock sys_clk_pin rise edge)
                                                      0.000     0.000 r  
    W5                                                0.000     0.000 r  clk (IN)
                         net (fo=0)                   0.000     0.000    clk
    W5                   IBUF (Prop_ibuf_I_O)         1.388     1.388 r  clk_IBUF_inst/O
                         net (fo=1, routed)           1.862     3.250    clk_IBUF
    BUFGCTRL_X0Y0        BUFG (Prop_bufg_I_O)         0.091     3.341 r  clk_IBUF_BUFG_inst/O
                         net (fo=84, routed)          1.508     4.849    rx_inst/CLK
    SLICE_X2Y57          FDCE                                         r  rx_inst/n_reg_reg[0]/C

Slack:                    inf
  Source:                 reset
                            (input port)
  Destination:            rx_inst/n_reg_reg[1]/CLR
                            (recovery check against rising-edge clock sys_clk_pin  {rise@0.000ns fall@5.000ns period=10.000ns})
  Path Group:             (none)
  Path Type:              Recovery (Max at Slow Process Corner)
  Data Path Delay:        5.811ns  (logic 1.441ns (24.804%)  route 4.370ns (75.196%))
  Logic Levels:           1  (IBUF=1)
  Clock Path Skew:        4.849ns (DCD - SCD + CPR)
    Destination Clock Delay (DCD):    4.849ns
    Source Clock Delay      (SCD):    0.000ns
    Clock Pessimism Removal (CPR):    0.000ns
  Clock Uncertainty:      0.025ns  ((TSJ^2 + TIJ^2)^1/2 + DJ) / 2 + PE
    Total System Jitter     (TSJ):    0.050ns
    Total Input Jitter      (TIJ):    0.000ns
    Discrete Jitter          (DJ):    0.000ns
    Phase Error              (PE):    0.000ns

    Location             Delay type                Incr(ns)  Path(ns)    Netlist Resource(s)
  -------------------------------------------------------------------    -------------------
    U18                                               0.000     0.000 f  reset (IN)
                         net (fo=0)                   0.000     0.000    reset
    U18                  IBUF (Prop_ibuf_I_O)         1.441     1.441 f  reset_IBUF_inst/O
                         net (fo=84, routed)          4.370     5.811    rx_inst/AR[0]
    SLICE_X2Y57          FDCE                                         f  rx_inst/n_reg_reg[1]/CLR
  -------------------------------------------------------------------    -------------------

                         (clock sys_clk_pin rise edge)
                                                      0.000     0.000 r  
    W5                                                0.000     0.000 r  clk (IN)
                         net (fo=0)                   0.000     0.000    clk
    W5                   IBUF (Prop_ibuf_I_O)         1.388     1.388 r  clk_IBUF_inst/O
                         net (fo=1, routed)           1.862     3.250    clk_IBUF
    BUFGCTRL_X0Y0        BUFG (Prop_bufg_I_O)         0.091     3.341 r  clk_IBUF_BUFG_inst/O
                         net (fo=84, routed)          1.508     4.849    rx_inst/CLK
    SLICE_X2Y57          FDCE                                         r  rx_inst/n_reg_reg[1]/C

Slack:                    inf
  Source:                 reset
                            (input port)
  Destination:            rx_inst/n_reg_reg[2]/CLR
                            (recovery check against rising-edge clock sys_clk_pin  {rise@0.000ns fall@5.000ns period=10.000ns})
  Path Group:             (none)
  Path Type:              Recovery (Max at Slow Process Corner)
  Data Path Delay:        5.811ns  (logic 1.441ns (24.804%)  route 4.370ns (75.196%))
  Logic Levels:           1  (IBUF=1)
  Clock Path Skew:        4.849ns (DCD - SCD + CPR)
    Destination Clock Delay (DCD):    4.849ns
    Source Clock Delay      (SCD):    0.000ns
    Clock Pessimism Removal (CPR):    0.000ns
  Clock Uncertainty:      0.025ns  ((TSJ^2 + TIJ^2)^1/2 + DJ) / 2 + PE
    Total System Jitter     (TSJ):    0.050ns
    Total Input Jitter      (TIJ):    0.000ns
    Discrete Jitter          (DJ):    0.000ns
    Phase Error              (PE):    0.000ns

    Location             Delay type                Incr(ns)  Path(ns)    Netlist Resource(s)
  -------------------------------------------------------------------    -------------------
    U18                                               0.000     0.000 f  reset (IN)
                         net (fo=0)                   0.000     0.000    reset
    U18                  IBUF (Prop_ibuf_I_O)         1.441     1.441 f  reset_IBUF_inst/O
                         net (fo=84, routed)          4.370     5.811    rx_inst/AR[0]
    SLICE_X2Y57          FDCE                                         f  rx_inst/n_reg_reg[2]/CLR
  -------------------------------------------------------------------    -------------------

                         (clock sys_clk_pin rise edge)
                                                      0.000     0.000 r  
    W5                                                0.000     0.000 r  clk (IN)
                         net (fo=0)                   0.000     0.000    clk
    W5                   IBUF (Prop_ibuf_I_O)         1.388     1.388 r  clk_IBUF_inst/O
                         net (fo=1, routed)           1.862     3.250    clk_IBUF
    BUFGCTRL_X0Y0        BUFG (Prop_bufg_I_O)         0.091     3.341 r  clk_IBUF_BUFG_inst/O
                         net (fo=84, routed)          1.508     4.849    rx_inst/CLK
    SLICE_X2Y57          FDCE                                         r  rx_inst/n_reg_reg[2]/C

Slack:                    inf
  Source:                 reset
                            (input port)
  Destination:            rx_inst/s_reg_reg[3]/CLR
                            (recovery check against rising-edge clock sys_clk_pin  {rise@0.000ns fall@5.000ns period=10.000ns})
  Path Group:             (none)
  Path Type:              Recovery (Max at Slow Process Corner)
  Data Path Delay:        5.811ns  (logic 1.441ns (24.804%)  route 4.370ns (75.196%))
  Logic Levels:           1  (IBUF=1)
  Clock Path Skew:        4.849ns (DCD - SCD + CPR)
    Destination Clock Delay (DCD):    4.849ns
    Source Clock Delay      (SCD):    0.000ns
    Clock Pessimism Removal (CPR):    0.000ns
  Clock Uncertainty:      0.025ns  ((TSJ^2 + TIJ^2)^1/2 + DJ) / 2 + PE
    Total System Jitter     (TSJ):    0.050ns
    Total Input Jitter      (TIJ):    0.000ns
    Discrete Jitter          (DJ):    0.000ns
    Phase Error              (PE):    0.000ns

    Location             Delay type                Incr(ns)  Path(ns)    Netlist Resource(s)
  -------------------------------------------------------------------    -------------------
    U18                                               0.000     0.000 f  reset (IN)
                         net (fo=0)                   0.000     0.000    reset
    U18                  IBUF (Prop_ibuf_I_O)         1.441     1.441 f  reset_IBUF_inst/O
                         net (fo=84, routed)          4.370     5.811    rx_inst/AR[0]
    SLICE_X3Y57          FDCE                                         f  rx_inst/s_reg_reg[3]/CLR
  -------------------------------------------------------------------    -------------------

                         (clock sys_clk_pin rise edge)
                                                      0.000     0.000 r  
    W5                                                0.000     0.000 r  clk (IN)
                         net (fo=0)                   0.000     0.000    clk
    W5                   IBUF (Prop_ibuf_I_O)         1.388     1.388 r  clk_IBUF_inst/O
                         net (fo=1, routed)           1.862     3.250    clk_IBUF
    BUFGCTRL_X0Y0        BUFG (Prop_bufg_I_O)         0.091     3.341 r  clk_IBUF_BUFG_inst/O
                         net (fo=84, routed)          1.508     4.849    rx_inst/CLK
    SLICE_X3Y57          FDCE                                         r  rx_inst/s_reg_reg[3]/C

Slack:                    inf
  Source:                 rx_pin
                            (input port)
  Destination:            rx_inst/state_reg_reg[1]/CE
                            (rising edge-triggered cell FDCE clocked by sys_clk_pin  {rise@0.000ns fall@5.000ns period=10.000ns})
  Path Group:             (none)
  Path Type:              Setup (Max at Slow Process Corner)
  Data Path Delay:        5.776ns  (logic 1.704ns (29.504%)  route 4.072ns (70.496%))
  Logic Levels:           3  (IBUF=1 LUT6=2)
  Clock Path Skew:        4.847ns (DCD - SCD + CPR)
    Destination Clock Delay (DCD):    4.847ns
    Source Clock Delay      (SCD):    0.000ns
    Clock Pessimism Removal (CPR):    0.000ns
  Clock Uncertainty:      0.025ns  ((TSJ^2 + TIJ^2)^1/2 + DJ) / 2 + PE
    Total System Jitter     (TSJ):    0.050ns
    Total Input Jitter      (TIJ):    0.000ns
    Discrete Jitter          (DJ):    0.000ns
    Phase Error              (PE):    0.000ns

    Location             Delay type                Incr(ns)  Path(ns)    Netlist Resource(s)
  -------------------------------------------------------------------    -------------------
    B18                                               0.000     0.000 f  rx_pin (IN)
                         net (fo=0)                   0.000     0.000    rx_pin
    B18                  IBUF (Prop_ibuf_I_O)         1.456     1.456 f  rx_pin_IBUF_inst/O
                         net (fo=7, routed)           3.442     4.898    rx_inst/rx_pin_IBUF
    SLICE_X3Y57          LUT6 (Prop_lut6_I0_O)        0.124     5.022 r  rx_inst/state_reg[3]_i_6/O
                         net (fo=1, routed)           0.263     5.285    rx_inst/state_reg[3]_i_6_n_0
    SLICE_X3Y57          LUT6 (Prop_lut6_I5_O)        0.124     5.409 r  rx_inst/state_reg[3]_i_1__0/O
                         net (fo=4, routed)           0.367     5.776    rx_inst/state_reg[3]_i_1__0_n_0
    SLICE_X4Y58          FDCE                                         r  rx_inst/state_reg_reg[1]/CE
  -------------------------------------------------------------------    -------------------

                         (clock sys_clk_pin rise edge)
                                                      0.000     0.000 r  
    W5                                                0.000     0.000 r  clk (IN)
                         net (fo=0)                   0.000     0.000    clk
    W5                   IBUF (Prop_ibuf_I_O)         1.388     1.388 r  clk_IBUF_inst/O
                         net (fo=1, routed)           1.862     3.250    clk_IBUF
    BUFGCTRL_X0Y0        BUFG (Prop_bufg_I_O)         0.091     3.341 r  clk_IBUF_BUFG_inst/O
                         net (fo=84, routed)          1.506     4.847    rx_inst/CLK
    SLICE_X4Y58          FDCE                                         r  rx_inst/state_reg_reg[1]/C

Slack:                    inf
  Source:                 rx_pin
                            (input port)
  Destination:            rx_inst/state_reg_reg[2]/CE
                            (rising edge-triggered cell FDCE clocked by sys_clk_pin  {rise@0.000ns fall@5.000ns period=10.000ns})
  Path Group:             (none)
  Path Type:              Setup (Max at Slow Process Corner)
  Data Path Delay:        5.776ns  (logic 1.704ns (29.504%)  route 4.072ns (70.496%))
  Logic Levels:           3  (IBUF=1 LUT6=2)
  Clock Path Skew:        4.847ns (DCD - SCD + CPR)
    Destination Clock Delay (DCD):    4.847ns
    Source Clock Delay      (SCD):    0.000ns
    Clock Pessimism Removal (CPR):    0.000ns
  Clock Uncertainty:      0.025ns  ((TSJ^2 + TIJ^2)^1/2 + DJ) / 2 + PE
    Total System Jitter     (TSJ):    0.050ns
    Total Input Jitter      (TIJ):    0.000ns
    Discrete Jitter          (DJ):    0.000ns
    Phase Error              (PE):    0.000ns

    Location             Delay type                Incr(ns)  Path(ns)    Netlist Resource(s)
  -------------------------------------------------------------------    -------------------
    B18                                               0.000     0.000 f  rx_pin (IN)
                         net (fo=0)                   0.000     0.000    rx_pin
    B18                  IBUF (Prop_ibuf_I_O)         1.456     1.456 f  rx_pin_IBUF_inst/O
                         net (fo=7, routed)           3.442     4.898    rx_inst/rx_pin_IBUF
    SLICE_X3Y57          LUT6 (Prop_lut6_I0_O)        0.124     5.022 r  rx_inst/state_reg[3]_i_6/O
                         net (fo=1, routed)           0.263     5.285    rx_inst/state_reg[3]_i_6_n_0
    SLICE_X3Y57          LUT6 (Prop_lut6_I5_O)        0.124     5.409 r  rx_inst/state_reg[3]_i_1__0/O
                         net (fo=4, routed)           0.367     5.776    rx_inst/state_reg[3]_i_1__0_n_0
    SLICE_X4Y58          FDCE                                         r  rx_inst/state_reg_reg[2]/CE
  -------------------------------------------------------------------    -------------------

                         (clock sys_clk_pin rise edge)
                                                      0.000     0.000 r  
    W5                                                0.000     0.000 r  clk (IN)
                         net (fo=0)                   0.000     0.000    clk
    W5                   IBUF (Prop_ibuf_I_O)         1.388     1.388 r  clk_IBUF_inst/O
                         net (fo=1, routed)           1.862     3.250    clk_IBUF
    BUFGCTRL_X0Y0        BUFG (Prop_bufg_I_O)         0.091     3.341 r  clk_IBUF_BUFG_inst/O
                         net (fo=84, routed)          1.506     4.847    rx_inst/CLK
    SLICE_X4Y58          FDCE                                         r  rx_inst/state_reg_reg[2]/C

Slack:                    inf
  Source:                 rx_pin
                            (input port)
  Destination:            rx_inst/state_reg_reg[3]/CE
                            (rising edge-triggered cell FDCE clocked by sys_clk_pin  {rise@0.000ns fall@5.000ns period=10.000ns})
  Path Group:             (none)
  Path Type:              Setup (Max at Slow Process Corner)
  Data Path Delay:        5.776ns  (logic 1.704ns (29.504%)  route 4.072ns (70.496%))
  Logic Levels:           3  (IBUF=1 LUT6=2)
  Clock Path Skew:        4.847ns (DCD - SCD + CPR)
    Destination Clock Delay (DCD):    4.847ns
    Source Clock Delay      (SCD):    0.000ns
    Clock Pessimism Removal (CPR):    0.000ns
  Clock Uncertainty:      0.025ns  ((TSJ^2 + TIJ^2)^1/2 + DJ) / 2 + PE
    Total System Jitter     (TSJ):    0.050ns
    Total Input Jitter      (TIJ):    0.000ns
    Discrete Jitter          (DJ):    0.000ns
    Phase Error              (PE):    0.000ns

    Location             Delay type                Incr(ns)  Path(ns)    Netlist Resource(s)
  -------------------------------------------------------------------    -------------------
    B18                                               0.000     0.000 f  rx_pin (IN)
                         net (fo=0)                   0.000     0.000    rx_pin
    B18                  IBUF (Prop_ibuf_I_O)         1.456     1.456 f  rx_pin_IBUF_inst/O
                         net (fo=7, routed)           3.442     4.898    rx_inst/rx_pin_IBUF
    SLICE_X3Y57          LUT6 (Prop_lut6_I0_O)        0.124     5.022 r  rx_inst/state_reg[3]_i_6/O
                         net (fo=1, routed)           0.263     5.285    rx_inst/state_reg[3]_i_6_n_0
    SLICE_X3Y57          LUT6 (Prop_lut6_I5_O)        0.124     5.409 r  rx_inst/state_reg[3]_i_1__0/O
                         net (fo=4, routed)           0.367     5.776    rx_inst/state_reg[3]_i_1__0_n_0
    SLICE_X4Y58          FDCE                                         r  rx_inst/state_reg_reg[3]/CE
  -------------------------------------------------------------------    -------------------

                         (clock sys_clk_pin rise edge)
                                                      0.000     0.000 r  
    W5                                                0.000     0.000 r  clk (IN)
                         net (fo=0)                   0.000     0.000    clk
    W5                   IBUF (Prop_ibuf_I_O)         1.388     1.388 r  clk_IBUF_inst/O
                         net (fo=1, routed)           1.862     3.250    clk_IBUF
    BUFGCTRL_X0Y0        BUFG (Prop_bufg_I_O)         0.091     3.341 r  clk_IBUF_BUFG_inst/O
                         net (fo=84, routed)          1.506     4.847    rx_inst/CLK
    SLICE_X4Y58          FDCE                                         r  rx_inst/state_reg_reg[3]/C

Slack:                    inf
  Source:                 rx_pin
                            (input port)
  Destination:            rx_inst/state_reg_reg[0]/CE
                            (rising edge-triggered cell FDPE clocked by sys_clk_pin  {rise@0.000ns fall@5.000ns period=10.000ns})
  Path Group:             (none)
  Path Type:              Setup (Max at Slow Process Corner)
  Data Path Delay:        5.758ns  (logic 1.704ns (29.598%)  route 4.054ns (70.402%))
  Logic Levels:           3  (IBUF=1 LUT6=2)
  Clock Path Skew:        4.847ns (DCD - SCD + CPR)
    Destination Clock Delay (DCD):    4.847ns
    Source Clock Delay      (SCD):    0.000ns
    Clock Pessimism Removal (CPR):    0.000ns
  Clock Uncertainty:      0.025ns  ((TSJ^2 + TIJ^2)^1/2 + DJ) / 2 + PE
    Total System Jitter     (TSJ):    0.050ns
    Total Input Jitter      (TIJ):    0.000ns
    Discrete Jitter          (DJ):    0.000ns
    Phase Error              (PE):    0.000ns

    Location             Delay type                Incr(ns)  Path(ns)    Netlist Resource(s)
  -------------------------------------------------------------------    -------------------
    B18                                               0.000     0.000 f  rx_pin (IN)
                         net (fo=0)                   0.000     0.000    rx_pin
    B18                  IBUF (Prop_ibuf_I_O)         1.456     1.456 f  rx_pin_IBUF_inst/O
                         net (fo=7, routed)           3.442     4.898    rx_inst/rx_pin_IBUF
    SLICE_X3Y57          LUT6 (Prop_lut6_I0_O)        0.124     5.022 r  rx_inst/state_reg[3]_i_6/O
                         net (fo=1, routed)           0.263     5.285    rx_inst/state_reg[3]_i_6_n_0
    SLICE_X3Y57          LUT6 (Prop_lut6_I5_O)        0.124     5.409 r  rx_inst/state_reg[3]_i_1__0/O
                         net (fo=4, routed)           0.349     5.758    rx_inst/state_reg[3]_i_1__0_n_0
    SLICE_X5Y57          FDPE                                         r  rx_inst/state_reg_reg[0]/CE
  -------------------------------------------------------------------    -------------------

                         (clock sys_clk_pin rise edge)
                                                      0.000     0.000 r  
    W5                                                0.000     0.000 r  clk (IN)
                         net (fo=0)                   0.000     0.000    clk
    W5                   IBUF (Prop_ibuf_I_O)         1.388     1.388 r  clk_IBUF_inst/O
                         net (fo=1, routed)           1.862     3.250    clk_IBUF
    BUFGCTRL_X0Y0        BUFG (Prop_bufg_I_O)         0.091     3.341 r  clk_IBUF_BUFG_inst/O
                         net (fo=84, routed)          1.506     4.847    rx_inst/CLK
    SLICE_X5Y57          FDPE                                         r  rx_inst/state_reg_reg[0]/C

Slack:                    inf
  Source:                 rx_pin
                            (input port)
  Destination:            rx_inst/s_reg_reg[0]/CE
                            (rising edge-triggered cell FDCE clocked by sys_clk_pin  {rise@0.000ns fall@5.000ns period=10.000ns})
  Path Group:             (none)
  Path Type:              Setup (Max at Slow Process Corner)
  Data Path Delay:        5.666ns  (logic 1.580ns (27.888%)  route 4.086ns (72.112%))
  Logic Levels:           2  (IBUF=1 LUT5=1)
  Clock Path Skew:        4.848ns (DCD - SCD + CPR)
    Destination Clock Delay (DCD):    4.848ns
    Source Clock Delay      (SCD):    0.000ns
    Clock Pessimism Removal (CPR):    0.000ns
  Clock Uncertainty:      0.025ns  ((TSJ^2 + TIJ^2)^1/2 + DJ) / 2 + PE
    Total System Jitter     (TSJ):    0.050ns
    Total Input Jitter      (TIJ):    0.000ns
    Discrete Jitter          (DJ):    0.000ns
    Phase Error              (PE):    0.000ns

    Location             Delay type                Incr(ns)  Path(ns)    Netlist Resource(s)
  -------------------------------------------------------------------    -------------------
    B18                                               0.000     0.000 f  rx_pin (IN)
                         net (fo=0)                   0.000     0.000    rx_pin
    B18                  IBUF (Prop_ibuf_I_O)         1.456     1.456 f  rx_pin_IBUF_inst/O
                         net (fo=7, routed)           3.568     5.024    rx_inst/rx_pin_IBUF
    SLICE_X3Y56          LUT5 (Prop_lut5_I4_O)        0.124     5.148 r  rx_inst/s_reg[3]_i_1__0/O
                         net (fo=4, routed)           0.518     5.666    rx_inst/s_next
    SLICE_X4Y56          FDCE                                         r  rx_inst/s_reg_reg[0]/CE
  -------------------------------------------------------------------    -------------------

                         (clock sys_clk_pin rise edge)
                                                      0.000     0.000 r  
    W5                                                0.000     0.000 r  clk (IN)
                         net (fo=0)                   0.000     0.000    clk
    W5                   IBUF (Prop_ibuf_I_O)         1.388     1.388 r  clk_IBUF_inst/O
                         net (fo=1, routed)           1.862     3.250    clk_IBUF
    BUFGCTRL_X0Y0        BUFG (Prop_bufg_I_O)         0.091     3.341 r  clk_IBUF_BUFG_inst/O
                         net (fo=84, routed)          1.507     4.848    rx_inst/CLK
    SLICE_X4Y56          FDCE                                         r  rx_inst/s_reg_reg[0]/C





Min Delay Paths
--------------------------------------------------------------------------------------
Slack:                    inf
  Source:                 reset
                            (input port)
  Destination:            interface_rx_inst/reg_op_reg[0]/CLR
                            (removal check against rising-edge clock sys_clk_pin  {rise@0.000ns fall@5.000ns period=10.000ns})
  Path Group:             (none)
  Path Type:              Removal (Min at Fast Process Corner)
  Data Path Delay:        1.222ns  (logic 0.210ns (17.152%)  route 1.012ns (82.848%))
  Logic Levels:           1  (IBUF=1)
  Clock Path Skew:        1.988ns (DCD - SCD - CPR)
    Destination Clock Delay (DCD):    1.988ns
    Source Clock Delay      (SCD):    0.000ns
    Clock Pessimism Removal (CPR):    -0.000ns

    Location             Delay type                Incr(ns)  Path(ns)    Netlist Resource(s)
  -------------------------------------------------------------------    -------------------
    U18                                               0.000     0.000 f  reset (IN)
                         net (fo=0)                   0.000     0.000    reset
    U18                  IBUF (Prop_ibuf_I_O)         0.210     0.210 f  reset_IBUF_inst/O
                         net (fo=84, routed)          1.012     1.222    interface_rx_inst/AR[0]
    SLICE_X5Y59          FDCE                                         f  interface_rx_inst/reg_op_reg[0]/CLR
  -------------------------------------------------------------------    -------------------

                         (clock sys_clk_pin rise edge)
                                                      0.000     0.000 r  
    W5                                                0.000     0.000 r  clk (IN)
                         net (fo=0)                   0.000     0.000    clk
    W5                   IBUF (Prop_ibuf_I_O)         0.414     0.414 r  clk_IBUF_inst/O
                         net (fo=1, routed)           0.685     1.099    clk_IBUF
    BUFGCTRL_X0Y0        BUFG (Prop_bufg_I_O)         0.029     1.128 r  clk_IBUF_BUFG_inst/O
                         net (fo=84, routed)          0.860     1.988    interface_rx_inst/CLK
    SLICE_X5Y59          FDCE                                         r  interface_rx_inst/reg_op_reg[0]/C

Slack:                    inf
  Source:                 reset
                            (input port)
  Destination:            interface_rx_inst/reg_op_reg[2]/CLR
                            (removal check against rising-edge clock sys_clk_pin  {rise@0.000ns fall@5.000ns period=10.000ns})
  Path Group:             (none)
  Path Type:              Removal (Min at Fast Process Corner)
  Data Path Delay:        1.222ns  (logic 0.210ns (17.152%)  route 1.012ns (82.848%))
  Logic Levels:           1  (IBUF=1)
  Clock Path Skew:        1.988ns (DCD - SCD - CPR)
    Destination Clock Delay (DCD):    1.988ns
    Source Clock Delay      (SCD):    0.000ns
    Clock Pessimism Removal (CPR):    -0.000ns

    Location             Delay type                Incr(ns)  Path(ns)    Netlist Resource(s)
  -------------------------------------------------------------------    -------------------
    U18                                               0.000     0.000 f  reset (IN)
                         net (fo=0)                   0.000     0.000    reset
    U18                  IBUF (Prop_ibuf_I_O)         0.210     0.210 f  reset_IBUF_inst/O
                         net (fo=84, routed)          1.012     1.222    interface_rx_inst/AR[0]
    SLICE_X5Y59          FDCE                                         f  interface_rx_inst/reg_op_reg[2]/CLR
  -------------------------------------------------------------------    -------------------

                         (clock sys_clk_pin rise edge)
                                                      0.000     0.000 r  
    W5                                                0.000     0.000 r  clk (IN)
                         net (fo=0)                   0.000     0.000    clk
    W5                   IBUF (Prop_ibuf_I_O)         0.414     0.414 r  clk_IBUF_inst/O
                         net (fo=1, routed)           0.685     1.099    clk_IBUF
    BUFGCTRL_X0Y0        BUFG (Prop_bufg_I_O)         0.029     1.128 r  clk_IBUF_BUFG_inst/O
                         net (fo=84, routed)          0.860     1.988    interface_rx_inst/CLK
    SLICE_X5Y59          FDCE                                         r  interface_rx_inst/reg_op_reg[2]/C

Slack:                    inf
  Source:                 reset
                            (input port)
  Destination:            interface_rx_inst/FSM_onehot_count_reg_reg[0]/PRE
                            (removal check against rising-edge clock sys_clk_pin  {rise@0.000ns fall@5.000ns period=10.000ns})
  Path Group:             (none)
  Path Type:              Removal (Min at Fast Process Corner)
  Data Path Delay:        1.222ns  (logic 0.210ns (17.141%)  route 1.013ns (82.859%))
  Logic Levels:           1  (IBUF=1)
  Clock Path Skew:        1.990ns (DCD - SCD - CPR)
    Destination Clock Delay (DCD):    1.990ns
    Source Clock Delay      (SCD):    0.000ns
    Clock Pessimism Removal (CPR):    -0.000ns

    Location             Delay type                Incr(ns)  Path(ns)    Netlist Resource(s)
  -------------------------------------------------------------------    -------------------
    U18                                               0.000     0.000 f  reset (IN)
                         net (fo=0)                   0.000     0.000    reset
    U18                  IBUF (Prop_ibuf_I_O)         0.210     0.210 f  reset_IBUF_inst/O
                         net (fo=84, routed)          1.013     1.222    interface_rx_inst/AR[0]
    SLICE_X3Y59          FDPE                                         f  interface_rx_inst/FSM_onehot_count_reg_reg[0]/PRE
  -------------------------------------------------------------------    -------------------

                         (clock sys_clk_pin rise edge)
                                                      0.000     0.000 r  
    W5                                                0.000     0.000 r  clk (IN)
                         net (fo=0)                   0.000     0.000    clk
    W5                   IBUF (Prop_ibuf_I_O)         0.414     0.414 r  clk_IBUF_inst/O
                         net (fo=1, routed)           0.685     1.099    clk_IBUF
    BUFGCTRL_X0Y0        BUFG (Prop_bufg_I_O)         0.029     1.128 r  clk_IBUF_BUFG_inst/O
                         net (fo=84, routed)          0.862     1.990    interface_rx_inst/CLK
    SLICE_X3Y59          FDPE                                         r  interface_rx_inst/FSM_onehot_count_reg_reg[0]/C

Slack:                    inf
  Source:                 reset
                            (input port)
  Destination:            interface_rx_inst/FSM_onehot_count_reg_reg[1]/CLR
                            (removal check against rising-edge clock sys_clk_pin  {rise@0.000ns fall@5.000ns period=10.000ns})
  Path Group:             (none)
  Path Type:              Removal (Min at Fast Process Corner)
  Data Path Delay:        1.222ns  (logic 0.210ns (17.141%)  route 1.013ns (82.859%))
  Logic Levels:           1  (IBUF=1)
  Clock Path Skew:        1.990ns (DCD - SCD - CPR)
    Destination Clock Delay (DCD):    1.990ns
    Source Clock Delay      (SCD):    0.000ns
    Clock Pessimism Removal (CPR):    -0.000ns

    Location             Delay type                Incr(ns)  Path(ns)    Netlist Resource(s)
  -------------------------------------------------------------------    -------------------
    U18                                               0.000     0.000 f  reset (IN)
                         net (fo=0)                   0.000     0.000    reset
    U18                  IBUF (Prop_ibuf_I_O)         0.210     0.210 f  reset_IBUF_inst/O
                         net (fo=84, routed)          1.013     1.222    interface_rx_inst/AR[0]
    SLICE_X3Y59          FDCE                                         f  interface_rx_inst/FSM_onehot_count_reg_reg[1]/CLR
  -------------------------------------------------------------------    -------------------

                         (clock sys_clk_pin rise edge)
                                                      0.000     0.000 r  
    W5                                                0.000     0.000 r  clk (IN)
                         net (fo=0)                   0.000     0.000    clk
    W5                   IBUF (Prop_ibuf_I_O)         0.414     0.414 r  clk_IBUF_inst/O
                         net (fo=1, routed)           0.685     1.099    clk_IBUF
    BUFGCTRL_X0Y0        BUFG (Prop_bufg_I_O)         0.029     1.128 r  clk_IBUF_BUFG_inst/O
                         net (fo=84, routed)          0.862     1.990    interface_rx_inst/CLK
    SLICE_X3Y59          FDCE                                         r  interface_rx_inst/FSM_onehot_count_reg_reg[1]/C

Slack:                    inf
  Source:                 reset
                            (input port)
  Destination:            interface_rx_inst/FSM_onehot_count_reg_reg[2]/CLR
                            (removal check against rising-edge clock sys_clk_pin  {rise@0.000ns fall@5.000ns period=10.000ns})
  Path Group:             (none)
  Path Type:              Removal (Min at Fast Process Corner)
  Data Path Delay:        1.222ns  (logic 0.210ns (17.141%)  route 1.013ns (82.859%))
  Logic Levels:           1  (IBUF=1)
  Clock Path Skew:        1.990ns (DCD - SCD - CPR)
    Destination Clock Delay (DCD):    1.990ns
    Source Clock Delay      (SCD):    0.000ns
    Clock Pessimism Removal (CPR):    -0.000ns

    Location             Delay type                Incr(ns)  Path(ns)    Netlist Resource(s)
  -------------------------------------------------------------------    -------------------
    U18                                               0.000     0.000 f  reset (IN)
                         net (fo=0)                   0.000     0.000    reset
    U18                  IBUF (Prop_ibuf_I_O)         0.210     0.210 f  reset_IBUF_inst/O
                         net (fo=84, routed)          1.013     1.222    interface_rx_inst/AR[0]
    SLICE_X3Y59          FDCE                                         f  interface_rx_inst/FSM_onehot_count_reg_reg[2]/CLR
  -------------------------------------------------------------------    -------------------

                         (clock sys_clk_pin rise edge)
                                                      0.000     0.000 r  
    W5                                                0.000     0.000 r  clk (IN)
                         net (fo=0)                   0.000     0.000    clk
    W5                   IBUF (Prop_ibuf_I_O)         0.414     0.414 r  clk_IBUF_inst/O
                         net (fo=1, routed)           0.685     1.099    clk_IBUF
    BUFGCTRL_X0Y0        BUFG (Prop_bufg_I_O)         0.029     1.128 r  clk_IBUF_BUFG_inst/O
                         net (fo=84, routed)          0.862     1.990    interface_rx_inst/CLK
    SLICE_X3Y59          FDCE                                         r  interface_rx_inst/FSM_onehot_count_reg_reg[2]/C

Slack:                    inf
  Source:                 reset
                            (input port)
  Destination:            interface_rx_inst/FSM_onehot_count_reg_reg[3]/CLR
                            (removal check against rising-edge clock sys_clk_pin  {rise@0.000ns fall@5.000ns period=10.000ns})
  Path Group:             (none)
  Path Type:              Removal (Min at Fast Process Corner)
  Data Path Delay:        1.222ns  (logic 0.210ns (17.141%)  route 1.013ns (82.859%))
  Logic Levels:           1  (IBUF=1)
  Clock Path Skew:        1.990ns (DCD - SCD - CPR)
    Destination Clock Delay (DCD):    1.990ns
    Source Clock Delay      (SCD):    0.000ns
    Clock Pessimism Removal (CPR):    -0.000ns

    Location             Delay type                Incr(ns)  Path(ns)    Netlist Resource(s)
  -------------------------------------------------------------------    -------------------
    U18                                               0.000     0.000 f  reset (IN)
                         net (fo=0)                   0.000     0.000    reset
    U18                  IBUF (Prop_ibuf_I_O)         0.210     0.210 f  reset_IBUF_inst/O
                         net (fo=84, routed)          1.013     1.222    interface_rx_inst/AR[0]
    SLICE_X3Y59          FDCE                                         f  interface_rx_inst/FSM_onehot_count_reg_reg[3]/CLR
  -------------------------------------------------------------------    -------------------

                         (clock sys_clk_pin rise edge)
                                                      0.000     0.000 r  
    W5                                                0.000     0.000 r  clk (IN)
                         net (fo=0)                   0.000     0.000    clk
    W5                   IBUF (Prop_ibuf_I_O)         0.414     0.414 r  clk_IBUF_inst/O
                         net (fo=1, routed)           0.685     1.099    clk_IBUF
    BUFGCTRL_X0Y0        BUFG (Prop_bufg_I_O)         0.029     1.128 r  clk_IBUF_BUFG_inst/O
                         net (fo=84, routed)          0.862     1.990    interface_rx_inst/CLK
    SLICE_X3Y59          FDCE                                         r  interface_rx_inst/FSM_onehot_count_reg_reg[3]/C

Slack:                    inf
  Source:                 reset
                            (input port)
  Destination:            interface_tx_inst/tx_data_reg_reg[1]/CLR
                            (removal check against rising-edge clock sys_clk_pin  {rise@0.000ns fall@5.000ns period=10.000ns})
  Path Group:             (none)
  Path Type:              Removal (Min at Fast Process Corner)
  Data Path Delay:        1.226ns  (logic 0.210ns (17.091%)  route 1.016ns (82.909%))
  Logic Levels:           1  (IBUF=1)
  Clock Path Skew:        1.988ns (DCD - SCD - CPR)
    Destination Clock Delay (DCD):    1.988ns
    Source Clock Delay      (SCD):    0.000ns
    Clock Pessimism Removal (CPR):    -0.000ns

    Location             Delay type                Incr(ns)  Path(ns)    Netlist Resource(s)
  -------------------------------------------------------------------    -------------------
    U18                                               0.000     0.000 f  reset (IN)
                         net (fo=0)                   0.000     0.000    reset
    U18                  IBUF (Prop_ibuf_I_O)         0.210     0.210 f  reset_IBUF_inst/O
                         net (fo=84, routed)          1.016     1.226    interface_tx_inst/AR[0]
    SLICE_X4Y59          FDCE                                         f  interface_tx_inst/tx_data_reg_reg[1]/CLR
  -------------------------------------------------------------------    -------------------

                         (clock sys_clk_pin rise edge)
                                                      0.000     0.000 r  
    W5                                                0.000     0.000 r  clk (IN)
                         net (fo=0)                   0.000     0.000    clk
    W5                   IBUF (Prop_ibuf_I_O)         0.414     0.414 r  clk_IBUF_inst/O
                         net (fo=1, routed)           0.685     1.099    clk_IBUF
    BUFGCTRL_X0Y0        BUFG (Prop_bufg_I_O)         0.029     1.128 r  clk_IBUF_BUFG_inst/O
                         net (fo=84, routed)          0.860     1.988    interface_tx_inst/CLK
    SLICE_X4Y59          FDCE                                         r  interface_tx_inst/tx_data_reg_reg[1]/C

Slack:                    inf
  Source:                 reset
                            (input port)
  Destination:            interface_rx_inst/reg_op_reg[1]/CLR
                            (removal check against rising-edge clock sys_clk_pin  {rise@0.000ns fall@5.000ns period=10.000ns})
  Path Group:             (none)
  Path Type:              Removal (Min at Fast Process Corner)
  Data Path Delay:        1.298ns  (logic 0.210ns (16.138%)  route 1.089ns (83.862%))
  Logic Levels:           1  (IBUF=1)
  Clock Path Skew:        1.987ns (DCD - SCD - CPR)
    Destination Clock Delay (DCD):    1.987ns
    Source Clock Delay      (SCD):    0.000ns
    Clock Pessimism Removal (CPR):    -0.000ns

    Location             Delay type                Incr(ns)  Path(ns)    Netlist Resource(s)
  -------------------------------------------------------------------    -------------------
    U18                                               0.000     0.000 f  reset (IN)
                         net (fo=0)                   0.000     0.000    reset
    U18                  IBUF (Prop_ibuf_I_O)         0.210     0.210 f  reset_IBUF_inst/O
                         net (fo=84, routed)          1.089     1.298    interface_rx_inst/AR[0]
    SLICE_X5Y60          FDCE                                         f  interface_rx_inst/reg_op_reg[1]/CLR
  -------------------------------------------------------------------    -------------------

                         (clock sys_clk_pin rise edge)
                                                      0.000     0.000 r  
    W5                                                0.000     0.000 r  clk (IN)
                         net (fo=0)                   0.000     0.000    clk
    W5                   IBUF (Prop_ibuf_I_O)         0.414     0.414 r  clk_IBUF_inst/O
                         net (fo=1, routed)           0.685     1.099    clk_IBUF
    BUFGCTRL_X0Y0        BUFG (Prop_bufg_I_O)         0.029     1.128 r  clk_IBUF_BUFG_inst/O
                         net (fo=84, routed)          0.860     1.987    interface_rx_inst/CLK
    SLICE_X5Y60          FDCE                                         r  interface_rx_inst/reg_op_reg[1]/C

Slack:                    inf
  Source:                 reset
                            (input port)
  Destination:            interface_rx_inst/reg_op_reg[3]/CLR
                            (removal check against rising-edge clock sys_clk_pin  {rise@0.000ns fall@5.000ns period=10.000ns})
  Path Group:             (none)
  Path Type:              Removal (Min at Fast Process Corner)
  Data Path Delay:        1.298ns  (logic 0.210ns (16.138%)  route 1.089ns (83.862%))
  Logic Levels:           1  (IBUF=1)
  Clock Path Skew:        1.987ns (DCD - SCD - CPR)
    Destination Clock Delay (DCD):    1.987ns
    Source Clock Delay      (SCD):    0.000ns
    Clock Pessimism Removal (CPR):    -0.000ns

    Location             Delay type                Incr(ns)  Path(ns)    Netlist Resource(s)
  -------------------------------------------------------------------    -------------------
    U18                                               0.000     0.000 f  reset (IN)
                         net (fo=0)                   0.000     0.000    reset
    U18                  IBUF (Prop_ibuf_I_O)         0.210     0.210 f  reset_IBUF_inst/O
                         net (fo=84, routed)          1.089     1.298    interface_rx_inst/AR[0]
    SLICE_X5Y60          FDCE                                         f  interface_rx_inst/reg_op_reg[3]/CLR
  -------------------------------------------------------------------    -------------------

                         (clock sys_clk_pin rise edge)
                                                      0.000     0.000 r  
    W5                                                0.000     0.000 r  clk (IN)
                         net (fo=0)                   0.000     0.000    clk
    W5                   IBUF (Prop_ibuf_I_O)         0.414     0.414 r  clk_IBUF_inst/O
                         net (fo=1, routed)           0.685     1.099    clk_IBUF
    BUFGCTRL_X0Y0        BUFG (Prop_bufg_I_O)         0.029     1.128 r  clk_IBUF_BUFG_inst/O
                         net (fo=84, routed)          0.860     1.987    interface_rx_inst/CLK
    SLICE_X5Y60          FDCE                                         r  interface_rx_inst/reg_op_reg[3]/C

Slack:                    inf
  Source:                 reset
                            (input port)
  Destination:            interface_rx_inst/reg_op_reg[4]/CLR
                            (removal check against rising-edge clock sys_clk_pin  {rise@0.000ns fall@5.000ns period=10.000ns})
  Path Group:             (none)
  Path Type:              Removal (Min at Fast Process Corner)
  Data Path Delay:        1.298ns  (logic 0.210ns (16.138%)  route 1.089ns (83.862%))
  Logic Levels:           1  (IBUF=1)
  Clock Path Skew:        1.987ns (DCD - SCD - CPR)
    Destination Clock Delay (DCD):    1.987ns
    Source Clock Delay      (SCD):    0.000ns
    Clock Pessimism Removal (CPR):    -0.000ns

    Location             Delay type                Incr(ns)  Path(ns)    Netlist Resource(s)
  -------------------------------------------------------------------    -------------------
    U18                                               0.000     0.000 f  reset (IN)
                         net (fo=0)                   0.000     0.000    reset
    U18                  IBUF (Prop_ibuf_I_O)         0.210     0.210 f  reset_IBUF_inst/O
                         net (fo=84, routed)          1.089     1.298    interface_rx_inst/AR[0]
    SLICE_X5Y60          FDCE                                         f  interface_rx_inst/reg_op_reg[4]/CLR
  -------------------------------------------------------------------    -------------------

                         (clock sys_clk_pin rise edge)
                                                      0.000     0.000 r  
    W5                                                0.000     0.000 r  clk (IN)
                         net (fo=0)                   0.000     0.000    clk
    W5                   IBUF (Prop_ibuf_I_O)         0.414     0.414 r  clk_IBUF_inst/O
                         net (fo=1, routed)           0.685     1.099    clk_IBUF
    BUFGCTRL_X0Y0        BUFG (Prop_bufg_I_O)         0.029     1.128 r  clk_IBUF_BUFG_inst/O
                         net (fo=84, routed)          0.860     1.987    interface_rx_inst/CLK
    SLICE_X5Y60          FDCE                                         r  interface_rx_inst/reg_op_reg[4]/C





